file,line,type,commit,author,date,time,timezone,datetime,depth,length
style.css,1,css,cd8a068b,manissen,2025-10-05,15:13:49,-07:00,2025-10-05T15:13:49-07:00,0,5
style.css,2,css,39606e61,manissen,2025-11-20,20:19:51,-08:00,2025-11-20T20:19:51-08:00,1,23
style.css,3,css,39606e61,manissen,2025-11-20,20:19:51,-08:00,2025-11-20T20:19:51-08:00,1,22
style.css,4,css,39606e61,manissen,2025-11-20,20:19:51,-08:00,2025-11-20T20:19:51-08:00,1,39
style.css,5,css,39606e61,manissen,2025-11-20,20:19:51,-08:00,2025-11-20T20:19:51-08:00,1,32
style.css,6,css,39606e61,manissen,2025-11-20,20:19:51,-08:00,2025-11-20T20:19:51-08:00,0,0
style.css,7,css,39606e61,manissen,2025-11-20,20:19:51,-08:00,2025-11-20T20:19:51-08:00,0,0
style.css,8,css,39606e61,manissen,2025-11-20,20:19:51,-08:00,2025-11-20T20:19:51-08:00,0,35
style.css,9,css,39606e61,manissen,2025-11-20,20:19:51,-08:00,2025-11-20T20:19:51-08:00,1,5
style.css,10,css,39606e61,manissen,2025-11-20,20:19:51,-08:00,2025-11-20T20:19:51-08:00,2,18
style.css,11,css,39606e61,manissen,2025-11-20,20:19:51,-08:00,2025-11-20T20:19:51-08:00,2,22
style.css,12,css,39606e61,manissen,2025-11-20,20:19:51,-08:00,2025-11-20T20:19:51-08:00,2,39
style.css,13,css,2c33e3be,manissen,2025-10-17,13:06:16,-07:00,2025-10-17T13:06:16-07:00,1,0
style.css,14,css,39606e61,manissen,2025-11-20,20:19:51,-08:00,2025-11-20T20:19:51-08:00,0,0
style.css,15,css,39606e61,manissen,2025-11-20,20:19:51,-08:00,2025-11-20T20:19:51-08:00,1,4
style.css,16,css,39606e61,manissen,2025-11-20,20:19:51,-08:00,2025-11-20T20:19:51-08:00,2,21
style.css,17,css,39606e61,manissen,2025-11-20,20:19:51,-08:00,2025-11-20T20:19:51-08:00,2,18
style.css,18,css,2c33e3be,manissen,2025-10-17,13:06:16,-07:00,2025-10-17T13:06:16-07:00,1,0
style.css,19,css,39606e61,manissen,2025-11-20,20:19:51,-08:00,2025-11-20T20:19:51-08:00,0,0
style.css,20,css,c104f06b,manissen,2025-10-15,14:11:39,-07:00,2025-10-15T14:11:39-07:00,0,0
style.css,21,css,c104f06b,manissen,2025-10-15,14:11:39,-07:00,2025-10-15T14:11:39-07:00,0,4
style.css,22,css,39606e61,manissen,2025-11-20,20:19:51,-08:00,2025-11-20T20:19:51-08:00,1,23
style.css,23,css,39606e61,manissen,2025-11-20,20:19:51,-08:00,2025-11-20T20:19:51-08:00,1,15
style.css,24,css,39606e61,manissen,2025-11-20,20:19:51,-08:00,2025-11-20T20:19:51-08:00,1,42
style.css,25,css,39606e61,manissen,2025-11-20,20:19:51,-08:00,2025-11-20T20:19:51-08:00,1,13
style.css,26,css,242d9748,manissen,2025-10-05,14:48:53,-07:00,2025-10-05T14:48:53-07:00,0,0
style.css,27,css,242d9748,manissen,2025-10-05,14:48:53,-07:00,2025-10-05T14:48:53-07:00,0,0
style.css,28,css,39606e61,manissen,2025-11-20,20:19:51,-08:00,2025-11-20T20:19:51-08:00,0,1
style.css,29,css,39606e61,manissen,2025-11-20,20:19:51,-08:00,2025-11-20T20:19:51-08:00,0,1
style.css,30,css,39606e61,manissen,2025-11-20,20:19:51,-08:00,2025-11-20T20:19:51-08:00,0,1
style.css,31,css,39606e61,manissen,2025-11-20,20:19:51,-08:00,2025-11-20T20:19:51-08:00,0,1
style.css,32,css,39606e61,manissen,2025-11-20,20:19:51,-08:00,2025-11-20T20:19:51-08:00,0,1
style.css,33,css,39606e61,manissen,2025-11-20,20:19:51,-08:00,2025-11-20T20:19:51-08:00,0,2
style.css,34,css,39606e61,manissen,2025-11-20,20:19:51,-08:00,2025-11-20T20:19:51-08:00,1,15
style.css,35,css,39606e61,manissen,2025-11-20,20:19:51,-08:00,2025-11-20T20:19:51-08:00,1,17
style.css,36,css,18da489a,manissen,2025-10-07,17:12:34,-07:00,2025-10-07T17:12:34-07:00,0,0
style.css,37,css,18da489a,manissen,2025-10-07,17:12:34,-07:00,2025-10-07T17:12:34-07:00,0,0
style.css,38,css,18da489a,manissen,2025-10-07,17:12:34,-07:00,2025-10-07T17:12:34-07:00,0,2
style.css,39,css,39606e61,manissen,2025-11-20,20:19:51,-08:00,2025-11-20T20:19:51-08:00,1,14
style.css,40,css,18da489a,manissen,2025-10-07,17:12:34,-07:00,2025-10-07T17:12:34-07:00,0,0
style.css,41,css,18da489a,manissen,2025-10-07,17:12:34,-07:00,2025-10-07T17:12:34-07:00,0,0
style.css,42,css,6bfa7ad0,manissen,2025-11-11,07:32:21,-08:00,2025-11-11T07:32:21-08:00,0,13
style.css,43,css,6bfa7ad0,manissen,2025-11-11,07:32:21,-08:00,2025-11-11T07:32:21-08:00,1,20
style.css,44,css,6bfa7ad0,manissen,2025-11-11,07:32:21,-08:00,2025-11-11T07:32:21-08:00,1,18
style.css,45,css,6bfa7ad0,manissen,2025-11-11,07:32:21,-08:00,2025-11-11T07:32:21-08:00,1,21
style.css,46,css,6bfa7ad0,manissen,2025-11-11,07:32:21,-08:00,2025-11-11T07:32:21-08:00,1,30
style.css,47,css,6bfa7ad0,manissen,2025-11-11,07:32:21,-08:00,2025-11-11T07:32:21-08:00,1,11
style.css,48,css,6bfa7ad0,manissen,2025-11-11,07:32:21,-08:00,2025-11-11T07:32:21-08:00,1,20
style.css,49,css,6bfa7ad0,manissen,2025-11-11,07:32:21,-08:00,2025-11-11T07:32:21-08:00,1,15
style.css,50,css,6bfa7ad0,manissen,2025-11-11,07:32:21,-08:00,2025-11-11T07:32:21-08:00,1,20
style.css,51,css,6bfa7ad0,manissen,2025-11-11,07:32:21,-08:00,2025-11-11T07:32:21-08:00,1,52
style.css,52,css,6bfa7ad0,manissen,2025-11-11,07:32:21,-08:00,2025-11-11T07:32:21-08:00,0,0
style.css,53,css,6bfa7ad0,manissen,2025-11-11,07:32:21,-08:00,2025-11-11T07:32:21-08:00,0,0
style.css,54,css,6bfa7ad0,manissen,2025-11-11,07:32:21,-08:00,2025-11-11T07:32:21-08:00,0,19
style.css,55,css,6bfa7ad0,manissen,2025-11-11,07:32:21,-08:00,2025-11-11T07:32:21-08:00,1,63
style.css,56,css,6bfa7ad0,manissen,2025-11-11,07:32:21,-08:00,2025-11-11T07:32:21-08:00,1,26
style.css,57,css,6bfa7ad0,manissen,2025-11-11,07:32:21,-08:00,2025-11-11T07:32:21-08:00,0,0
style.css,58,css,6bfa7ad0,manissen,2025-11-11,07:32:21,-08:00,2025-11-11T07:32:21-08:00,0,0
style.css,59,css,6bfa7ad0,manissen,2025-11-11,07:32:21,-08:00,2025-11-11T07:32:21-08:00,0,20
style.css,60,css,6bfa7ad0,manissen,2025-11-11,07:32:21,-08:00,2025-11-11T07:32:21-08:00,1,23
style.css,61,css,6bfa7ad0,manissen,2025-11-11,07:32:21,-08:00,2025-11-11T07:32:21-08:00,0,0
style.css,62,css,6bfa7ad0,manissen,2025-11-11,07:32:21,-08:00,2025-11-11T07:32:21-08:00,0,0
style.css,63,css,6bfa7ad0,manissen,2025-11-11,07:32:21,-08:00,2025-11-11T07:32:21-08:00,0,11
style.css,64,css,6bfa7ad0,manissen,2025-11-11,07:32:21,-08:00,2025-11-11T07:32:21-08:00,1,20
style.css,65,css,6bfa7ad0,manissen,2025-11-11,07:32:21,-08:00,2025-11-11T07:32:21-08:00,1,52
style.css,66,css,6bfa7ad0,manissen,2025-11-11,07:32:21,-08:00,2025-11-11T07:32:21-08:00,0,0
style.css,67,css,6bfa7ad0,manissen,2025-11-11,07:32:21,-08:00,2025-11-11T07:32:21-08:00,0,0
style.css,68,css,6bfa7ad0,manissen,2025-11-11,07:32:21,-08:00,2025-11-11T07:32:21-08:00,0,19
style.css,69,css,6bfa7ad0,manissen,2025-11-11,07:32:21,-08:00,2025-11-11T07:32:21-08:00,1,21
style.css,70,css,6bfa7ad0,manissen,2025-11-11,07:32:21,-08:00,2025-11-11T07:32:21-08:00,1,41
style.css,71,css,6bfa7ad0,manissen,2025-11-11,07:32:21,-08:00,2025-11-11T07:32:21-08:00,0,0
style.css,72,css,6bfa7ad0,manissen,2025-11-11,07:32:21,-08:00,2025-11-11T07:32:21-08:00,0,0
style.css,73,css,f0c23924,manissen,2025-10-07,22:47:51,-07:00,2025-10-07T22:47:51-07:00,0,14
style.css,74,css,39606e61,manissen,2025-11-20,20:19:51,-08:00,2025-11-20T20:19:51-08:00,1,12
style.css,75,css,39606e61,manissen,2025-11-20,20:19:51,-08:00,2025-11-20T20:19:51-08:00,1,22
style.css,76,css,39606e61,manissen,2025-11-20,20:19:51,-08:00,2025-11-20T20:19:51-08:00,1,14
style.css,77,css,39606e61,manissen,2025-11-20,20:19:51,-08:00,2025-11-20T20:19:51-08:00,1,8
style.css,78,css,39606e61,manissen,2025-11-20,20:19:51,-08:00,2025-11-20T20:19:51-08:00,1,13
style.css,79,css,f0c23924,manissen,2025-10-07,22:47:51,-07:00,2025-10-07T22:47:51-07:00,0,0
style.css,80,css,f0c23924,manissen,2025-10-07,22:47:51,-07:00,2025-10-07T22:47:51-07:00,0,0
style.css,81,css,c104f06b,manissen,2025-10-15,14:11:39,-07:00,2025-10-15T14:11:39-07:00,0,6
style.css,82,css,39606e61,manissen,2025-11-20,20:19:51,-08:00,2025-11-20T20:19:51-08:00,1,11
style.css,83,css,39606e61,manissen,2025-11-20,20:19:51,-08:00,2025-11-20T20:19:51-08:00,1,12
style.css,84,css,39606e61,manissen,2025-11-20,20:19:51,-08:00,2025-11-20T20:19:51-08:00,1,15
style.css,85,css,39606e61,manissen,2025-11-20,20:19:51,-08:00,2025-11-20T20:19:51-08:00,1,17
style.css,86,css,39606e61,manissen,2025-11-20,20:19:51,-08:00,2025-11-20T20:19:51-08:00,1,40
style.css,87,css,39606e61,manissen,2025-11-20,20:19:51,-08:00,2025-11-20T20:19:51-08:00,1,52
style.css,88,css,f0c23924,manissen,2025-10-07,22:47:51,-07:00,2025-10-07T22:47:51-07:00,0,0
style.css,89,css,7161d2ce,manissen,2025-10-05,14:57:16,-07:00,2025-10-05T14:57:16-07:00,0,0
style.css,90,css,c104f06b,manissen,2025-10-15,14:11:39,-07:00,2025-10-15T14:11:39-07:00,0,10
style.css,91,css,39606e61,manissen,2025-11-20,20:19:51,-08:00,2025-11-20T20:19:51-08:00,1,10
style.css,92,css,39606e61,manissen,2025-11-20,20:19:51,-08:00,2025-11-20T20:19:51-08:00,1,11
style.css,93,css,39606e61,manissen,2025-11-20,20:19:51,-08:00,2025-11-20T20:19:51-08:00,1,16
style.css,94,css,39606e61,manissen,2025-11-20,20:19:51,-08:00,2025-11-20T20:19:51-08:00,1,22
style.css,95,css,39606e61,manissen,2025-11-20,20:19:51,-08:00,2025-11-20T20:19:51-08:00,1,13
style.css,96,css,61269cbb,manissen,2025-10-07,17:09:19,-07:00,2025-10-07T17:09:19-07:00,0,0
style.css,97,css,61269cbb,manissen,2025-10-07,17:09:19,-07:00,2025-10-07T17:09:19-07:00,0,0
style.css,98,css,c104f06b,manissen,2025-10-15,14:11:39,-07:00,2025-10-15T14:11:39-07:00,0,3
style.css,99,css,39606e61,manissen,2025-11-20,20:19:51,-08:00,2025-11-20T20:19:51-08:00,1,12
style.css,100,css,39606e61,manissen,2025-11-20,20:19:51,-08:00,2025-11-20T20:19:51-08:00,1,28
style.css,101,css,39606e61,manissen,2025-11-20,20:19:51,-08:00,2025-11-20T20:19:51-08:00,1,76
style.css,102,css,39606e61,manissen,2025-11-20,20:19:51,-08:00,2025-11-20T20:19:51-08:00,1,17
style.css,103,css,39606e61,manissen,2025-11-20,20:19:51,-08:00,2025-11-20T20:19:51-08:00,1,15
style.css,104,css,39606e61,manissen,2025-11-20,20:19:51,-08:00,2025-11-20T20:19:51-08:00,1,5
style.css,105,css,39606e61,manissen,2025-11-20,20:19:51,-08:00,2025-11-20T20:19:51-08:00,1,17
style.css,106,css,39606e61,manissen,2025-11-20,20:19:51,-08:00,2025-11-20T20:19:51-08:00,1,12
style.css,107,css,39606e61,manissen,2025-11-20,20:19:51,-08:00,2025-11-20T20:19:51-08:00,1,77
style.css,108,css,39606e61,manissen,2025-11-20,20:19:51,-08:00,2025-11-20T20:19:51-08:00,1,19
style.css,109,css,9c97c7dd,manissen,2025-10-05,15:02:36,-07:00,2025-10-05T15:02:36-07:00,0,0
style.css,110,css,9c97c7dd,manissen,2025-10-05,15:02:36,-07:00,2025-10-05T15:02:36-07:00,0,0
style.css,111,css,c104f06b,manissen,2025-10-15,14:11:39,-07:00,2025-10-15T14:11:39-07:00,0,5
style.css,112,css,39606e61,manissen,2025-11-20,20:19:51,-08:00,2025-11-20T20:19:51-08:00,1,6
style.css,113,css,39606e61,manissen,2025-11-20,20:19:51,-08:00,2025-11-20T20:19:51-08:00,1,17
style.css,114,css,39606e61,manissen,2025-11-20,20:19:51,-08:00,2025-11-20T20:19:51-08:00,1,13
style.css,115,css,39606e61,manissen,2025-11-20,20:19:51,-08:00,2025-11-20T20:19:51-08:00,1,20
style.css,116,css,39606e61,manissen,2025-11-20,20:19:51,-08:00,2025-11-20T20:19:51-08:00,1,23
style.css,117,css,39606e61,manissen,2025-11-20,20:19:51,-08:00,2025-11-20T20:19:51-08:00,1,37
style.css,118,css,39606e61,manissen,2025-11-20,20:19:51,-08:00,2025-11-20T20:19:51-08:00,1,61
style.css,119,css,b0b78c9f,manissen,2025-10-05,15:08:08,-07:00,2025-10-05T15:08:08-07:00,0,0
style.css,120,css,b0b78c9f,manissen,2025-10-05,15:08:08,-07:00,2025-10-05T15:08:08-07:00,0,0
style.css,121,css,c104f06b,manissen,2025-10-15,14:11:39,-07:00,2025-10-15T14:11:39-07:00,0,13
style.css,122,css,39606e61,manissen,2025-11-20,20:19:51,-08:00,2025-11-20T20:19:51-08:00,1,45
style.css,123,css,39606e61,manissen,2025-11-20,20:19:51,-08:00,2025-11-20T20:19:51-08:00,1,34
style.css,124,css,b0b78c9f,manissen,2025-10-05,15:08:08,-07:00,2025-10-05T15:08:08-07:00,0,0
style.css,125,css,b0b78c9f,manissen,2025-10-05,15:08:08,-07:00,2025-10-05T15:08:08-07:00,0,0
style.css,126,css,c104f06b,manissen,2025-10-15,14:11:39,-07:00,2025-10-15T14:11:39-07:00,0,11
style.css,127,css,39606e61,manissen,2025-11-20,20:19:51,-08:00,2025-11-20T20:19:51-08:00,1,69
style.css,128,css,39606e61,manissen,2025-11-20,20:19:51,-08:00,2025-11-20T20:19:51-08:00,1,45
style.css,129,css,48c22423,manissen,2025-10-05,15:28:30,-07:00,2025-10-05T15:28:30-07:00,0,0
style.css,130,css,48c22423,manissen,2025-10-05,15:28:30,-07:00,2025-10-05T15:28:30-07:00,0,0
style.css,131,css,c104f06b,manissen,2025-10-15,14:11:39,-07:00,2025-10-15T14:11:39-07:00,0,4
style.css,132,css,39606e61,manissen,2025-11-20,20:19:51,-08:00,2025-11-20T20:19:51-08:00,1,12
style.css,133,css,39606e61,manissen,2025-11-20,20:19:51,-08:00,2025-11-20T20:19:51-08:00,1,30
style.css,134,css,39606e61,manissen,2025-11-20,20:19:51,-08:00,2025-11-20T20:19:51-08:00,1,7
style.css,135,css,39606e61,manissen,2025-11-20,20:19:51,-08:00,2025-11-20T20:19:51-08:00,1,12
style.css,136,css,61269cbb,manissen,2025-10-07,17:09:19,-07:00,2025-10-07T17:09:19-07:00,0,0
style.css,137,css,61269cbb,manissen,2025-10-07,17:09:19,-07:00,2025-10-07T17:09:19-07:00,0,0
style.css,138,css,c104f06b,manissen,2025-10-15,14:11:39,-07:00,2025-10-15T14:11:39-07:00,0,10
style.css,139,css,39606e61,manissen,2025-11-20,20:19:51,-08:00,2025-11-20T20:19:51-08:00,1,12
style.css,140,css,39606e61,manissen,2025-11-20,20:19:51,-08:00,2025-11-20T20:19:51-08:00,1,29
style.css,141,css,39606e61,manissen,2025-11-20,20:19:51,-08:00,2025-11-20T20:19:51-08:00,1,18
style.css,142,css,39606e61,manissen,2025-11-20,20:19:51,-08:00,2025-11-20T20:19:51-08:00,1,18
style.css,143,css,61269cbb,manissen,2025-10-07,17:09:19,-07:00,2025-10-07T17:09:19-07:00,0,0
style.css,144,css,61269cbb,manissen,2025-10-07,17:09:19,-07:00,2025-10-07T17:09:19-07:00,0,0
style.css,145,css,39606e61,manissen,2025-11-20,20:19:51,-08:00,2025-11-20T20:19:51-08:00,0,4
style.css,146,css,39606e61,manissen,2025-11-20,20:19:51,-08:00,2025-11-20T20:19:51-08:00,0,7
style.css,147,css,39606e61,manissen,2025-11-20,20:19:51,-08:00,2025-11-20T20:19:51-08:00,0,5
style.css,148,css,39606e61,manissen,2025-11-20,20:19:51,-08:00,2025-11-20T20:19:51-08:00,0,6
style.css,149,css,39606e61,manissen,2025-11-20,20:19:51,-08:00,2025-11-20T20:19:51-08:00,1,12
style.css,150,css,39606e61,manissen,2025-11-20,20:19:51,-08:00,2025-11-20T20:19:51-08:00,1,13
style.css,151,css,39606e61,manissen,2025-11-20,20:19:51,-08:00,2025-11-20T20:19:51-08:00,1,67
style.css,152,css,39606e61,manissen,2025-11-20,20:19:51,-08:00,2025-11-20T20:19:51-08:00,1,20
style.css,153,css,39606e61,manissen,2025-11-20,20:19:51,-08:00,2025-11-20T20:19:51-08:00,1,17
style.css,154,css,39606e61,manissen,2025-11-20,20:19:51,-08:00,2025-11-20T20:19:51-08:00,1,23
style.css,155,css,61269cbb,manissen,2025-10-07,17:09:19,-07:00,2025-10-07T17:09:19-07:00,0,0
style.css,156,css,61269cbb,manissen,2025-10-07,17:09:19,-07:00,2025-10-07T17:09:19-07:00,0,0
style.css,157,css,61269cbb,manissen,2025-10-07,17:09:19,-07:00,2025-10-07T17:09:19-07:00,0,11
style.css,158,css,39606e61,manissen,2025-11-20,20:19:51,-08:00,2025-11-20T20:19:51-08:00,1,18
style.css,159,css,39606e61,manissen,2025-11-20,20:19:51,-08:00,2025-11-20T20:19:51-08:00,1,34
style.css,160,css,39606e61,manissen,2025-11-20,20:19:51,-08:00,2025-11-20T20:19:51-08:00,1,11
style.css,161,css,61269cbb,manissen,2025-10-07,17:09:19,-07:00,2025-10-07T17:09:19-07:00,0,0
style.css,162,css,61269cbb,manissen,2025-10-07,17:09:19,-07:00,2025-10-07T17:09:19-07:00,0,0
style.css,163,css,39606e61,manissen,2025-11-20,20:19:51,-08:00,2025-11-20T20:19:51-08:00,0,11
style.css,164,css,39606e61,manissen,2025-11-20,20:19:51,-08:00,2025-11-20T20:19:51-08:00,0,12
style.css,165,css,39606e61,manissen,2025-11-20,20:19:51,-08:00,2025-11-20T20:19:51-08:00,1,69
style.css,166,css,39606e61,manissen,2025-11-20,20:19:51,-08:00,2025-11-20T20:19:51-08:00,1,11
style.css,167,css,61269cbb,manissen,2025-10-07,17:09:19,-07:00,2025-10-07T17:09:19-07:00,0,0
style.css,168,css,61269cbb,manissen,2025-10-07,17:09:19,-07:00,2025-10-07T17:09:19-07:00,0,0
style.css,169,css,c104f06b,manissen,2025-10-15,14:11:39,-07:00,2025-10-15T14:11:39-07:00,0,9
style.css,170,css,39606e61,manissen,2025-11-20,20:19:51,-08:00,2025-11-20T20:19:51-08:00,1,12
style.css,171,css,39606e61,manissen,2025-11-20,20:19:51,-08:00,2025-11-20T20:19:51-08:00,1,58
style.css,172,css,39606e61,manissen,2025-11-20,20:19:51,-08:00,2025-11-20T20:19:51-08:00,1,7
style.css,173,css,61269cbb,manissen,2025-10-07,17:09:19,-07:00,2025-10-07T17:09:19-07:00,0,0
style.css,174,css,61269cbb,manissen,2025-10-07,17:09:19,-07:00,2025-10-07T17:09:19-07:00,0,0
style.css,175,css,c104f06b,manissen,2025-10-15,14:11:39,-07:00,2025-10-15T14:11:39-07:00,0,17
style.css,176,css,39606e61,manissen,2025-11-20,20:19:51,-08:00,2025-11-20T20:19:51-08:00,1,12
style.css,177,css,39606e61,manissen,2025-11-20,20:19:51,-08:00,2025-11-20T20:19:51-08:00,1,26
style.css,178,css,39606e61,manissen,2025-11-20,20:19:51,-08:00,2025-11-20T20:19:51-08:00,1,15
style.css,179,css,39606e61,manissen,2025-11-20,20:19:51,-08:00,2025-11-20T20:19:51-08:00,1,7
style.css,180,css,39606e61,manissen,2025-11-20,20:19:51,-08:00,2025-11-20T20:19:51-08:00,1,40
style.css,181,css,39606e61,manissen,2025-11-20,20:19:51,-08:00,2025-11-20T20:19:51-08:00,1,11
style.css,182,css,39606e61,manissen,2025-11-20,20:19:51,-08:00,2025-11-20T20:19:51-08:00,1,19
style.css,183,css,39606e61,manissen,2025-11-20,20:19:51,-08:00,2025-11-20T20:19:51-08:00,1,41
style.css,184,css,39606e61,manissen,2025-11-20,20:19:51,-08:00,2025-11-20T20:19:51-08:00,0,0
style.css,185,css,39606e61,manissen,2025-11-20,20:19:51,-08:00,2025-11-20T20:19:51-08:00,0,0
style.css,186,css,39606e61,manissen,2025-11-20,20:19:51,-08:00,2025-11-20T20:19:51-08:00,0,21
style.css,187,css,39606e61,manissen,2025-11-20,20:19:51,-08:00,2025-11-20T20:19:51-08:00,1,14
style.css,188,css,39606e61,manissen,2025-11-20,20:19:51,-08:00,2025-11-20T20:19:51-08:00,1,11
style.css,189,css,39606e61,manissen,2025-11-20,20:19:51,-08:00,2025-11-20T20:19:51-08:00,1,17
style.css,190,css,39606e61,manissen,2025-11-20,20:19:51,-08:00,2025-11-20T20:19:51-08:00,1,16
style.css,191,css,e5c66099,manissen,2025-10-29,15:41:40,-07:00,2025-10-29T15:41:40-07:00,0,0
style.css,192,css,e5c66099,manissen,2025-10-29,15:41:40,-07:00,2025-10-29T15:41:40-07:00,0,0
style.css,193,css,c104f06b,manissen,2025-10-15,14:11:39,-07:00,2025-10-15T14:11:39-07:00,0,12
style.css,194,css,39606e61,manissen,2025-11-20,20:19:51,-08:00,2025-11-20T20:19:51-08:00,1,8
style.css,195,css,f0c23924,manissen,2025-10-07,22:47:51,-07:00,2025-10-07T22:47:51-07:00,0,0
style.css,196,css,f0c23924,manissen,2025-10-07,22:47:51,-07:00,2025-10-07T22:47:51-07:00,0,0
style.css,197,css,7a431203,manissen,2025-10-29,16:24:49,-07:00,2025-10-29T16:24:49-07:00,0,14
style.css,198,css,39606e61,manissen,2025-11-20,20:19:51,-08:00,2025-11-20T20:19:51-08:00,1,14
style.css,199,css,39606e61,manissen,2025-11-20,20:19:51,-08:00,2025-11-20T20:19:51-08:00,1,16
style.css,200,css,39606e61,manissen,2025-11-20,20:19:51,-08:00,2025-11-20T20:19:51-08:00,1,16
style.css,201,css,7a431203,manissen,2025-10-29,16:24:49,-07:00,2025-10-29T16:24:49-07:00,0,0
style.css,202,css,7a431203,manissen,2025-10-29,16:24:49,-07:00,2025-10-29T16:24:49-07:00,0,0
style.css,203,css,7a431203,manissen,2025-10-29,16:24:49,-07:00,2025-10-29T16:24:49-07:00,0,10
style.css,204,css,39606e61,manissen,2025-11-20,20:19:51,-08:00,2025-11-20T20:19:51-08:00,1,12
style.css,205,css,39606e61,manissen,2025-11-20,20:19:51,-08:00,2025-11-20T20:19:51-08:00,1,21
style.css,206,css,39606e61,manissen,2025-11-20,20:19:51,-08:00,2025-11-20T20:19:51-08:00,1,22
style.css,207,css,39606e61,manissen,2025-11-20,20:19:51,-08:00,2025-11-20T20:19:51-08:00,1,31
style.css,208,css,39606e61,manissen,2025-11-20,20:19:51,-08:00,2025-11-20T20:19:51-08:00,1,8
style.css,209,css,39606e61,manissen,2025-11-20,20:19:51,-08:00,2025-11-20T20:19:51-08:00,1,32
style.css,210,css,39606e61,manissen,2025-11-20,20:19:51,-08:00,2025-11-20T20:19:51-08:00,1,14
style.css,211,css,39606e61,manissen,2025-11-20,20:19:51,-08:00,2025-11-20T20:19:51-08:00,1,43
style.css,212,css,39606e61,manissen,2025-11-20,20:19:51,-08:00,2025-11-20T20:19:51-08:00,0,0
style.css,213,css,39606e61,manissen,2025-11-20,20:19:51,-08:00,2025-11-20T20:19:51-08:00,0,0
style.css,214,css,39606e61,manissen,2025-11-20,20:19:51,-08:00,2025-11-20T20:19:51-08:00,0,17
style.css,215,css,39606e61,manissen,2025-11-20,20:19:51,-08:00,2025-11-20T20:19:51-08:00,0,14
style.css,216,css,39606e61,manissen,2025-11-20,20:19:51,-08:00,2025-11-20T20:19:51-08:00,1,13
style.css,217,css,39606e61,manissen,2025-11-20,20:19:51,-08:00,2025-11-20T20:19:51-08:00,1,24
style.css,218,css,39606e61,manissen,2025-11-20,20:19:51,-08:00,2025-11-20T20:19:51-08:00,1,11
style.css,219,css,39606e61,manissen,2025-11-20,20:19:51,-08:00,2025-11-20T20:19:51-08:00,1,23
style.css,220,css,39606e61,manissen,2025-11-20,20:19:51,-08:00,2025-11-20T20:19:51-08:00,1,12
style.css,221,css,39606e61,manissen,2025-11-20,20:19:51,-08:00,2025-11-20T20:19:51-08:00,0,0
style.css,222,css,39606e61,manissen,2025-11-20,20:19:51,-08:00,2025-11-20T20:19:51-08:00,0,0
style.css,223,css,39606e61,manissen,2025-11-20,20:19:51,-08:00,2025-11-20T20:19:51-08:00,0,36
style.css,224,css,39606e61,manissen,2025-11-20,20:19:51,-08:00,2025-11-20T20:19:51-08:00,0,20
style.css,225,css,39606e61,manissen,2025-11-20,20:19:51,-08:00,2025-11-20T20:19:51-08:00,1,6
style.css,226,css,39606e61,manissen,2025-11-20,20:19:51,-08:00,2025-11-20T20:19:51-08:00,1,36
style.css,227,css,39606e61,manissen,2025-11-20,20:19:51,-08:00,2025-11-20T20:19:51-08:00,1,12
style.css,228,css,39606e61,manissen,2025-11-20,20:19:51,-08:00,2025-11-20T20:19:51-08:00,1,57
style.css,229,css,39606e61,manissen,2025-11-20,20:19:51,-08:00,2025-11-20T20:19:51-08:00,1,10
style.css,230,css,39606e61,manissen,2025-11-20,20:19:51,-08:00,2025-11-20T20:19:51-08:00,1,15
style.css,231,css,39606e61,manissen,2025-11-20,20:19:51,-08:00,2025-11-20T20:19:51-08:00,1,8
style.css,232,css,39606e61,manissen,2025-11-20,20:19:51,-08:00,2025-11-20T20:19:51-08:00,1,9
style.css,233,css,39606e61,manissen,2025-11-20,20:19:51,-08:00,2025-11-20T20:19:51-08:00,0,0
style.css,234,css,39606e61,manissen,2025-11-20,20:19:51,-08:00,2025-11-20T20:19:51-08:00,0,0
style.css,235,css,39606e61,manissen,2025-11-20,20:19:51,-08:00,2025-11-20T20:19:51-08:00,0,0
style.css,236,css,39606e61,manissen,2025-11-20,20:19:51,-08:00,2025-11-20T20:19:51-08:00,0,9
style.css,237,css,39606e61,manissen,2025-11-20,20:19:51,-08:00,2025-11-20T20:19:51-08:00,1,13
style.css,238,css,39606e61,manissen,2025-11-20,20:19:51,-08:00,2025-11-20T20:19:51-08:00,1,9
style.css,239,css,39606e61,manissen,2025-11-20,20:19:51,-08:00,2025-11-20T20:19:51-08:00,1,12
style.css,240,css,39606e61,manissen,2025-11-20,20:19:51,-08:00,2025-11-20T20:19:51-08:00,1,57
style.css,241,css,39606e61,manissen,2025-11-20,20:19:51,-08:00,2025-11-20T20:19:51-08:00,1,10
style.css,242,css,39606e61,manissen,2025-11-20,20:19:51,-08:00,2025-11-20T20:19:51-08:00,1,15
style.css,243,css,39606e61,manissen,2025-11-20,20:19:51,-08:00,2025-11-20T20:19:51-08:00,0,0
style.css,244,css,39606e61,manissen,2025-11-20,20:19:51,-08:00,2025-11-20T20:19:51-08:00,0,0
style.css,245,css,7a431203,manissen,2025-10-29,16:24:49,-07:00,2025-10-29T16:24:49-07:00,0,40
style.css,246,css,7a431203,manissen,2025-10-29,16:24:49,-07:00,2025-10-29T16:24:49-07:00,0,24
style.css,247,css,39606e61,manissen,2025-11-20,20:19:51,-08:00,2025-11-20T20:19:51-08:00,1,12
style.css,248,css,39606e61,manissen,2025-11-20,20:19:51,-08:00,2025-11-20T20:19:51-08:00,1,6
style.css,249,css,39606e61,manissen,2025-11-20,20:19:51,-08:00,2025-11-20T20:19:51-08:00,1,18
style.css,250,css,39606e61,manissen,2025-11-20,20:19:51,-08:00,2025-11-20T20:19:51-08:00,1,37
style.css,251,css,39606e61,manissen,2025-11-20,20:19:51,-08:00,2025-11-20T20:19:51-08:00,1,10
style.css,252,css,39606e61,manissen,2025-11-20,20:19:51,-08:00,2025-11-20T20:19:51-08:00,1,36
style.css,253,css,39606e61,manissen,2025-11-20,20:19:51,-08:00,2025-11-20T20:19:51-08:00,1,22
style.css,254,css,39606e61,manissen,2025-11-20,20:19:51,-08:00,2025-11-20T20:19:51-08:00,1,16
style.css,255,css,7a431203,manissen,2025-10-29,16:24:49,-07:00,2025-10-29T16:24:49-07:00,0,0
style.css,256,css,39606e61,manissen,2025-11-20,20:19:51,-08:00,2025-11-20T20:19:51-08:00,0,0
style.css,257,css,7a431203,manissen,2025-10-29,16:24:49,-07:00,2025-10-29T16:24:49-07:00,0,24
style.css,258,css,7a431203,manissen,2025-10-29,16:24:49,-07:00,2025-10-29T16:24:49-07:00,0,32
style.css,259,css,39606e61,manissen,2025-11-20,20:19:51,-08:00,2025-11-20T20:19:51-08:00,1,10
style.css,260,css,39606e61,manissen,2025-11-20,20:19:51,-08:00,2025-11-20T20:19:51-08:00,1,11
style.css,261,css,39606e61,manissen,2025-11-20,20:19:51,-08:00,2025-11-20T20:19:51-08:00,1,18
style.css,262,css,39606e61,manissen,2025-11-20,20:19:51,-08:00,2025-11-20T20:19:51-08:00,1,18
style.css,263,css,39606e61,manissen,2025-11-20,20:19:51,-08:00,2025-11-20T20:19:51-08:00,1,29
style.css,264,css,39606e61,manissen,2025-11-20,20:19:51,-08:00,2025-11-20T20:19:51-08:00,1,27
style.css,265,css,39606e61,manissen,2025-11-20,20:19:51,-08:00,2025-11-20T20:19:51-08:00,1,17
style.css,266,css,39606e61,manissen,2025-11-20,20:19:51,-08:00,2025-11-20T20:19:51-08:00,1,21
style.css,267,css,39606e61,manissen,2025-11-20,20:19:51,-08:00,2025-11-20T20:19:51-08:00,1,20
style.css,268,css,39606e61,manissen,2025-11-20,20:19:51,-08:00,2025-11-20T20:19:51-08:00,0,0
style.css,269,css,7a431203,manissen,2025-10-29,16:24:49,-07:00,2025-10-29T16:24:49-07:00,0,0
style.css,270,css,845de82b,manissen,2025-10-31,13:42:15,-07:00,2025-10-31T13:42:15-07:00,0,21
style.css,271,css,845de82b,manissen,2025-10-31,13:42:15,-07:00,2025-10-31T13:42:15-07:00,0,36
style.css,272,css,845de82b,manissen,2025-10-31,13:42:15,-07:00,2025-10-31T13:42:15-07:00,1,11
style.css,273,css,845de82b,manissen,2025-10-31,13:42:15,-07:00,2025-10-31T13:42:15-07:00,0,0
style.css,274,css,845de82b,manissen,2025-10-31,13:42:15,-07:00,2025-10-31T13:42:15-07:00,0,0
style.css,275,css,845de82b,manissen,2025-10-31,13:42:15,-07:00,2025-10-31T13:42:15-07:00,0,4
style.css,276,css,845de82b,manissen,2025-10-31,13:42:15,-07:00,2025-10-31T13:42:15-07:00,1,16
style.css,277,css,845de82b,manissen,2025-10-31,13:42:15,-07:00,2025-10-31T13:42:15-07:00,1,14
style.css,278,css,845de82b,manissen,2025-10-31,13:42:15,-07:00,2025-10-31T13:42:15-07:00,0,0
style.css,279,css,845de82b,manissen,2025-10-31,13:42:15,-07:00,2025-10-31T13:42:15-07:00,0,0
style.css,280,css,845de82b,manissen,2025-10-31,13:42:15,-07:00,2025-10-31T13:42:15-07:00,0,32
style.css,281,css,845de82b,manissen,2025-10-31,13:42:15,-07:00,2025-10-31T13:42:15-07:00,0,9
style.css,282,css,845de82b,manissen,2025-10-31,13:42:15,-07:00,2025-10-31T13:42:15-07:00,1,35
style.css,283,css,845de82b,manissen,2025-10-31,13:42:15,-07:00,2025-10-31T13:42:15-07:00,0,0
style.css,284,css,845de82b,manissen,2025-10-31,13:42:15,-07:00,2025-10-31T13:42:15-07:00,0,0
style.css,285,css,845de82b,manissen,2025-10-31,13:42:15,-07:00,2025-10-31T13:42:15-07:00,0,18
style.css,286,css,845de82b,manissen,2025-10-31,13:42:15,-07:00,2025-10-31T13:42:15-07:00,1,17
style.css,287,css,845de82b,manissen,2025-10-31,13:42:15,-07:00,2025-10-31T13:42:15-07:00,0,0
style.css,288,css,845de82b,manissen,2025-10-31,13:42:15,-07:00,2025-10-31T13:42:15-07:00,0,0
style.css,289,css,845de82b,manissen,2025-10-31,13:42:15,-07:00,2025-10-31T13:42:15-07:00,0,16
style.css,290,css,845de82b,manissen,2025-10-31,13:42:15,-07:00,2025-10-31T13:42:15-07:00,1,18
style.css,291,css,845de82b,manissen,2025-10-31,13:42:15,-07:00,2025-10-31T13:42:15-07:00,1,15
style.css,292,css,845de82b,manissen,2025-10-31,13:42:15,-07:00,2025-10-31T13:42:15-07:00,0,0
style.css,293,css,845de82b,manissen,2025-10-31,13:42:15,-07:00,2025-10-31T13:42:15-07:00,0,0
style.css,294,css,39606e61,manissen,2025-11-20,20:19:51,-08:00,2025-11-20T20:19:51-08:00,0,0
style.css,295,css,7a431203,manissen,2025-10-29,16:24:49,-07:00,2025-10-29T16:24:49-07:00,0,0
style.css,296,css,f0c23924,manissen,2025-10-07,22:47:51,-07:00,2025-10-07T22:47:51-07:00,0,7
style.css,297,css,39606e61,manissen,2025-11-20,20:19:51,-08:00,2025-11-20T20:19:51-08:00,1,67
style.css,298,css,39606e61,manissen,2025-11-20,20:19:51,-08:00,2025-11-20T20:19:51-08:00,1,13
style.css,299,css,39606e61,manissen,2025-11-20,20:19:51,-08:00,2025-11-20T20:19:51-08:00,1,18
style.css,300,css,39606e61,manissen,2025-11-20,20:19:51,-08:00,2025-11-20T20:19:51-08:00,1,19
style.css,301,css,39606e61,manissen,2025-11-20,20:19:51,-08:00,2025-11-20T20:19:51-08:00,1,78
style.css,302,css,f0c23924,manissen,2025-10-07,22:47:51,-07:00,2025-10-07T22:47:51-07:00,0,0
style.css,303,css,f0c23924,manissen,2025-10-07,22:47:51,-07:00,2025-10-07T22:47:51-07:00,0,0
style.css,304,css,39606e61,manissen,2025-11-20,20:19:51,-08:00,2025-11-20T20:19:51-08:00,0,17
style.css,305,css,39606e61,manissen,2025-11-20,20:19:51,-08:00,2025-11-20T20:19:51-08:00,1,44
style.css,306,css,39606e61,manissen,2025-11-20,20:19:51,-08:00,2025-11-20T20:19:51-08:00,1,18
style.css,307,css,39606e61,manissen,2025-11-20,20:19:51,-08:00,2025-11-20T20:19:51-08:00,1,19
style.css,308,css,f0c23924,manissen,2025-10-07,22:47:51,-07:00,2025-10-07T22:47:51-07:00,0,0
style.css,309,css,f0c23924,manissen,2025-10-07,22:47:51,-07:00,2025-10-07T22:47:51-07:00,0,0
style.css,310,css,c104f06b,manissen,2025-10-15,14:11:39,-07:00,2025-10-15T14:11:39-07:00,0,9
style.css,311,css,39606e61,manissen,2025-11-20,20:19:51,-08:00,2025-11-20T20:19:51-08:00,1,20
style.css,312,css,39606e61,manissen,2025-11-20,20:19:51,-08:00,2025-11-20T20:19:51-08:00,1,12
style.css,313,css,39606e61,manissen,2025-11-20,20:19:51,-08:00,2025-11-20T20:19:51-08:00,1,36
style.css,314,css,39606e61,manissen,2025-11-20,20:19:51,-08:00,2025-11-20T20:19:51-08:00,1,13
style.css,315,css,39606e61,manissen,2025-11-20,20:19:51,-08:00,2025-11-20T20:19:51-08:00,1,23
style.css,316,css,39606e61,manissen,2025-11-20,20:19:51,-08:00,2025-11-20T20:19:51-08:00,1,20
style.css,317,css,c104f06b,manissen,2025-10-15,14:11:39,-07:00,2025-10-15T14:11:39-07:00,0,0
style.css,318,css,21e8df37,manissen,2025-10-21,15:43:12,-07:00,2025-10-21T15:43:12-07:00,0,0
style.css,319,css,21e8df37,manissen,2025-10-21,15:43:12,-07:00,2025-10-21T15:43:12-07:00,0,17
style.css,320,css,39606e61,manissen,2025-11-20,20:19:51,-08:00,2025-11-20T20:19:51-08:00,1,12
style.css,321,css,39606e61,manissen,2025-11-20,20:19:51,-08:00,2025-11-20T20:19:51-08:00,1,36
style.css,322,css,39606e61,manissen,2025-11-20,20:19:51,-08:00,2025-11-20T20:19:51-08:00,1,15
style.css,323,css,39606e61,manissen,2025-11-20,20:19:51,-08:00,2025-11-20T20:19:51-08:00,0,0
style.css,324,css,39606e61,manissen,2025-11-20,20:19:51,-08:00,2025-11-20T20:19:51-08:00,0,0
style.css,325,css,39606e61,manissen,2025-11-20,20:19:51,-08:00,2025-11-20T20:19:51-08:00,0,17
style.css,326,css,39606e61,manissen,2025-11-20,20:19:51,-08:00,2025-11-20T20:19:51-08:00,1,10
style.css,327,css,39606e61,manissen,2025-11-20,20:19:51,-08:00,2025-11-20T20:19:51-08:00,1,31
style.css,328,css,39606e61,manissen,2025-11-20,20:19:51,-08:00,2025-11-20T20:19:51-08:00,1,17
style.css,329,css,39606e61,manissen,2025-11-20,20:19:51,-08:00,2025-11-20T20:19:51-08:00,0,0
style.css,330,css,39606e61,manissen,2025-11-20,20:19:51,-08:00,2025-11-20T20:19:51-08:00,0,0
style.css,331,css,39606e61,manissen,2025-11-20,20:19:51,-08:00,2025-11-20T20:19:51-08:00,0,17
style.css,332,css,39606e61,manissen,2025-11-20,20:19:51,-08:00,2025-11-20T20:19:51-08:00,1,10
style.css,333,css,39606e61,manissen,2025-11-20,20:19:51,-08:00,2025-11-20T20:19:51-08:00,1,17
style.css,334,css,39606e61,manissen,2025-11-20,20:19:51,-08:00,2025-11-20T20:19:51-08:00,1,14
style.css,335,css,39606e61,manissen,2025-11-20,20:19:51,-08:00,2025-11-20T20:19:51-08:00,1,8
style.css,336,css,39606e61,manissen,2025-11-20,20:19:51,-08:00,2025-11-20T20:19:51-08:00,0,0
style.css,337,css,39606e61,manissen,2025-11-20,20:19:51,-08:00,2025-11-20T20:19:51-08:00,0,0
style.css,338,css,1049ff56,manissen,2025-11-03,23:22:42,-08:00,2025-11-03T23:22:42-08:00,0,33
style.css,339,css,1049ff56,manissen,2025-11-03,23:22:42,-08:00,2025-11-03T23:22:42-08:00,0,0
style.css,340,css,00000000,Not Committed Yet,2025-11-21,15:39:27,-08:00,2025-11-21T15:39:27-08:00,0,19
style.css,341,css,1049ff56,manissen,2025-11-03,23:22:42,-08:00,2025-11-03T23:22:42-08:00,0,6
style.css,342,css,2bc88398,manissen,2025-11-16,15:23:14,-08:00,2025-11-16T15:23:14-08:00,1,13
style.css,343,css,39606e61,manissen,2025-11-20,20:19:51,-08:00,2025-11-20T20:19:51-08:00,1,16
style.css,344,css,1049ff56,manissen,2025-11-03,23:22:42,-08:00,2025-11-03T23:22:42-08:00,0,0
style.css,345,css,1049ff56,manissen,2025-11-03,23:22:42,-08:00,2025-11-03T23:22:42-08:00,0,0
style.css,346,css,00000000,Not Committed Yet,2025-11-21,15:39:27,-08:00,2025-11-21T15:39:27-08:00,0,34
style.css,347,css,1049ff56,manissen,2025-11-03,23:22:42,-08:00,2025-11-03T23:22:42-08:00,0,6
style.css,348,css,1049ff56,manissen,2025-11-03,23:22:42,-08:00,2025-11-03T23:22:42-08:00,1,12
style.css,349,css,00000000,Not Committed Yet,2025-11-21,15:39:27,-08:00,2025-11-21T15:39:27-08:00,1,36
style.css,350,css,00000000,Not Committed Yet,2025-11-21,15:39:27,-08:00,2025-11-21T15:39:27-08:00,1,17
style.css,351,css,00000000,Not Committed Yet,2025-11-21,15:39:27,-08:00,2025-11-21T15:39:27-08:00,1,16
style.css,352,css,362b97e2,manissen,2025-11-20,20:40:15,-08:00,2025-11-20T20:40:15-08:00,1,18
style.css,353,css,2bc88398,manissen,2025-11-16,15:23:14,-08:00,2025-11-16T15:23:14-08:00,0,0
style.css,354,css,2bc88398,manissen,2025-11-16,15:23:14,-08:00,2025-11-16T15:23:14-08:00,0,0
style.css,355,css,00000000,Not Committed Yet,2025-11-21,15:39:27,-08:00,2025-11-21T15:39:27-08:00,0,18
style.css,356,css,1049ff56,manissen,2025-11-03,23:22:42,-08:00,2025-11-03T23:22:42-08:00,0,9
style.css,357,css,2bc88398,manissen,2025-11-16,15:23:14,-08:00,2025-11-16T15:23:14-08:00,1,15
style.css,358,css,1049ff56,manissen,2025-11-03,23:22:42,-08:00,2025-11-03T23:22:42-08:00,1,24
style.css,359,css,39606e61,manissen,2025-11-20,20:19:51,-08:00,2025-11-20T20:19:51-08:00,1,16
style.css,360,css,1049ff56,manissen,2025-11-03,23:22:42,-08:00,2025-11-03T23:22:42-08:00,1,55
style.css,361,css,00000000,Not Committed Yet,2025-11-21,15:39:27,-08:00,2025-11-21T15:39:27-08:00,1,8
style.css,362,css,1049ff56,manissen,2025-11-03,23:22:42,-08:00,2025-11-03T23:22:42-08:00,0,0
style.css,363,css,1049ff56,manissen,2025-11-03,23:22:42,-08:00,2025-11-03T23:22:42-08:00,0,0
style.css,364,css,00000000,Not Committed Yet,2025-11-21,15:39:27,-08:00,2025-11-21T15:39:27-08:00,0,19
style.css,365,css,1049ff56,manissen,2025-11-03,23:22:42,-08:00,2025-11-03T23:22:42-08:00,0,9
style.css,366,css,2bc88398,manissen,2025-11-16,15:23:14,-08:00,2025-11-16T15:23:14-08:00,1,15
style.css,367,css,39606e61,manissen,2025-11-20,20:19:51,-08:00,2025-11-20T20:19:51-08:00,1,16
style.css,368,css,1049ff56,manissen,2025-11-03,23:22:42,-08:00,2025-11-03T23:22:42-08:00,1,25
style.css,369,css,00000000,Not Committed Yet,2025-11-21,15:39:27,-08:00,2025-11-21T15:39:27-08:00,1,8
style.css,370,css,1049ff56,manissen,2025-11-03,23:22:42,-08:00,2025-11-03T23:22:42-08:00,0,0
style.css,371,css,e4b0c46a,manissen,2025-11-04,08:40:17,-08:00,2025-11-04T08:40:17-08:00,0,0
style.css,372,css,00000000,Not Committed Yet,2025-11-21,15:39:27,-08:00,2025-11-21T15:39:27-08:00,0,13
style.css,373,css,e4b0c46a,manissen,2025-11-04,08:40:17,-08:00,2025-11-04T08:40:17-08:00,0,15
style.css,374,css,39606e61,manissen,2025-11-20,20:19:51,-08:00,2025-11-20T20:19:51-08:00,1,11
style.css,375,css,39606e61,manissen,2025-11-20,20:19:51,-08:00,2025-11-20T20:19:51-08:00,1,18
style.css,376,css,39606e61,manissen,2025-11-20,20:19:51,-08:00,2025-11-20T20:19:51-08:00,1,26
style.css,377,css,e4b0c46a,manissen,2025-11-04,08:40:17,-08:00,2025-11-04T08:40:17-08:00,0,0
style.css,378,css,e4b0c46a,manissen,2025-11-04,08:40:17,-08:00,2025-11-04T08:40:17-08:00,0,0
style.css,379,css,e4b0c46a,manissen,2025-11-04,08:40:17,-08:00,2025-11-04T08:40:17-08:00,0,15
style.css,380,css,39606e61,manissen,2025-11-20,20:19:51,-08:00,2025-11-20T20:19:51-08:00,1,11
style.css,381,css,e4b0c46a,manissen,2025-11-04,08:40:17,-08:00,2025-11-04T08:40:17-08:00,0,0
style.css,382,css,e4b0c46a,manissen,2025-11-04,08:40:17,-08:00,2025-11-04T08:40:17-08:00,0,0
style.css,383,css,00000000,Not Committed Yet,2025-11-21,15:39:27,-08:00,2025-11-21T15:39:27-08:00,0,30
style.css,384,css,39606e61,manissen,2025-11-20,20:19:51,-08:00,2025-11-20T20:19:51-08:00,0,7
style.css,385,css,e4b0c46a,manissen,2025-11-04,08:40:17,-08:00,2025-11-04T08:40:17-08:00,1,12
style.css,386,css,00000000,Not Committed Yet,2025-11-21,15:39:27,-08:00,2025-11-21T15:39:27-08:00,1,42
style.css,387,css,00000000,Not Committed Yet,2025-11-21,15:39:27,-08:00,2025-11-21T15:39:27-08:00,1,16
style.css,388,css,e4b0c46a,manissen,2025-11-04,08:40:17,-08:00,2025-11-04T08:40:17-08:00,0,0
style.css,389,css,e4b0c46a,manissen,2025-11-04,08:40:17,-08:00,2025-11-04T08:40:17-08:00,0,0
style.css,390,css,e4b0c46a,manissen,2025-11-04,08:40:17,-08:00,2025-11-04T08:40:17-08:00,0,9
style.css,391,css,e4b0c46a,manissen,2025-11-04,08:40:17,-08:00,2025-11-04T08:40:17-08:00,0,10
style.css,392,css,39606e61,manissen,2025-11-20,20:19:51,-08:00,2025-11-20T20:19:51-08:00,1,8
style.css,393,css,e4b0c46a,manissen,2025-11-04,08:40:17,-08:00,2025-11-04T08:40:17-08:00,0,0
style.css,394,css,e4b0c46a,manissen,2025-11-04,08:40:17,-08:00,2025-11-04T08:40:17-08:00,0,0
style.css,395,css,e4b0c46a,manissen,2025-11-04,08:40:17,-08:00,2025-11-04T08:40:17-08:00,0,10
style.css,396,css,e4b0c46a,manissen,2025-11-04,08:40:17,-08:00,2025-11-04T08:40:17-08:00,1,15
style.css,397,css,39606e61,manissen,2025-11-20,20:19:51,-08:00,2025-11-20T20:19:51-08:00,1,10
style.css,398,css,39606e61,manissen,2025-11-20,20:19:51,-08:00,2025-11-20T20:19:51-08:00,1,16
style.css,399,css,e4b0c46a,manissen,2025-11-04,08:40:17,-08:00,2025-11-04T08:40:17-08:00,0,0
style.css,400,css,e4b0c46a,manissen,2025-11-04,08:40:17,-08:00,2025-11-04T08:40:17-08:00,0,0
style.css,401,css,e4b0c46a,manissen,2025-11-04,08:40:17,-08:00,2025-11-04T08:40:17-08:00,0,10
style.css,402,css,e4b0c46a,manissen,2025-11-04,08:40:17,-08:00,2025-11-04T08:40:17-08:00,1,15
style.css,403,css,39606e61,manissen,2025-11-20,20:19:51,-08:00,2025-11-20T20:19:51-08:00,1,10
style.css,404,css,e4b0c46a,manissen,2025-11-04,08:40:17,-08:00,2025-11-04T08:40:17-08:00,0,0
style.css,405,css,e4b0c46a,manissen,2025-11-04,08:40:17,-08:00,2025-11-04T08:40:17-08:00,0,0
style.css,406,css,00000000,Not Committed Yet,2025-11-21,15:39:27,-08:00,2025-11-21T15:39:27-08:00,0,21
style.css,407,css,e4b0c46a,manissen,2025-11-04,08:40:17,-08:00,2025-11-04T08:40:17-08:00,0,6
style.css,408,css,e4b0c46a,manissen,2025-11-04,08:40:17,-08:00,2025-11-04T08:40:17-08:00,1,16
style.css,409,css,e4b0c46a,manissen,2025-11-04,08:40:17,-08:00,2025-11-04T08:40:17-08:00,1,23
style.css,410,css,e4b0c46a,manissen,2025-11-04,08:40:17,-08:00,2025-11-04T08:40:17-08:00,1,22
style.css,411,css,e4b0c46a,manissen,2025-11-04,08:40:17,-08:00,2025-11-04T08:40:17-08:00,0,0
style.css,412,css,e4b0c46a,manissen,2025-11-04,08:40:17,-08:00,2025-11-04T08:40:17-08:00,0,0
style.css,413,css,e4b0c46a,manissen,2025-11-04,08:40:17,-08:00,2025-11-04T08:40:17-08:00,0,12
style.css,414,css,e4b0c46a,manissen,2025-11-04,08:40:17,-08:00,2025-11-04T08:40:17-08:00,1,20
style.css,415,css,e4b0c46a,manissen,2025-11-04,08:40:17,-08:00,2025-11-04T08:40:17-08:00,0,0
style.css,416,css,e4b0c46a,manissen,2025-11-04,08:40:17,-08:00,2025-11-04T08:40:17-08:00,0,0
style.css,417,css,00000000,Not Committed Yet,2025-11-21,15:39:27,-08:00,2025-11-21T15:39:27-08:00,0,16
style.css,418,css,e4b0c46a,manissen,2025-11-04,08:40:17,-08:00,2025-11-04T08:40:17-08:00,0,23
style.css,419,css,e4b0c46a,manissen,2025-11-04,08:40:17,-08:00,2025-11-04T08:40:17-08:00,1,17
style.css,420,css,e4b0c46a,manissen,2025-11-04,08:40:17,-08:00,2025-11-04T08:40:17-08:00,1,9
style.css,421,css,e4b0c46a,manissen,2025-11-04,08:40:17,-08:00,2025-11-04T08:40:17-08:00,1,19
style.css,422,css,00000000,Not Committed Yet,2025-11-21,15:39:27,-08:00,2025-11-21T15:39:27-08:00,1,25
style.css,423,css,00000000,Not Committed Yet,2025-11-21,15:39:27,-08:00,2025-11-21T15:39:27-08:00,1,20
style.css,424,css,e4b0c46a,manissen,2025-11-04,08:40:17,-08:00,2025-11-04T08:40:17-08:00,1,16
style.css,425,css,00000000,Not Committed Yet,2025-11-21,15:39:27,-08:00,2025-11-21T15:39:27-08:00,1,20
style.css,426,css,39606e61,manissen,2025-11-20,20:19:51,-08:00,2025-11-20T20:19:51-08:00,1,41
style.css,427,css,39606e61,manissen,2025-11-20,20:19:51,-08:00,2025-11-20T20:19:51-08:00,1,41
style.css,428,css,e4b0c46a,manissen,2025-11-04,08:40:17,-08:00,2025-11-04T08:40:17-08:00,0,0
style.css,429,css,e4b0c46a,manissen,2025-11-04,08:40:17,-08:00,2025-11-04T08:40:17-08:00,0,0
style.css,430,css,00000000,Not Committed Yet,2025-11-21,15:39:27,-08:00,2025-11-21T15:39:27-08:00,0,22
style.css,431,css,e4b0c46a,manissen,2025-11-04,08:40:17,-08:00,2025-11-04T08:40:17-08:00,0,17
style.css,432,css,e4b0c46a,manissen,2025-11-04,08:40:17,-08:00,2025-11-04T08:40:17-08:00,0,15
style.css,433,css,e4b0c46a,manissen,2025-11-04,08:40:17,-08:00,2025-11-04T08:40:17-08:00,1,12
style.css,434,css,e4b0c46a,manissen,2025-11-04,08:40:17,-08:00,2025-11-04T08:40:17-08:00,1,30
style.css,435,css,e4b0c46a,manissen,2025-11-04,08:40:17,-08:00,2025-11-04T08:40:17-08:00,1,19
style.css,436,css,e4b0c46a,manissen,2025-11-04,08:40:17,-08:00,2025-11-04T08:40:17-08:00,1,8
style.css,437,css,e4b0c46a,manissen,2025-11-04,08:40:17,-08:00,2025-11-04T08:40:17-08:00,0,0
style.css,438,css,e4b0c46a,manissen,2025-11-04,08:40:17,-08:00,2025-11-04T08:40:17-08:00,0,0
style.css,439,css,e4b0c46a,manissen,2025-11-04,08:40:17,-08:00,2025-11-04T08:40:17-08:00,0,18
style.css,440,css,e4b0c46a,manissen,2025-11-04,08:40:17,-08:00,2025-11-04T08:40:17-08:00,1,15
style.css,441,css,e4b0c46a,manissen,2025-11-04,08:40:17,-08:00,2025-11-04T08:40:17-08:00,1,10
style.css,442,css,e4b0c46a,manissen,2025-11-04,08:40:17,-08:00,2025-11-04T08:40:17-08:00,1,16
style.css,443,css,e4b0c46a,manissen,2025-11-04,08:40:17,-08:00,2025-11-04T08:40:17-08:00,0,0
style.css,444,css,e4b0c46a,manissen,2025-11-04,08:40:17,-08:00,2025-11-04T08:40:17-08:00,0,0
style.css,445,css,e4b0c46a,manissen,2025-11-04,08:40:17,-08:00,2025-11-04T08:40:17-08:00,0,18
style.css,446,css,e4b0c46a,manissen,2025-11-04,08:40:17,-08:00,2025-11-04T08:40:17-08:00,1,15
style.css,447,css,e4b0c46a,manissen,2025-11-04,08:40:17,-08:00,2025-11-04T08:40:17-08:00,1,10
style.css,448,css,e4b0c46a,manissen,2025-11-04,08:40:17,-08:00,2025-11-04T08:40:17-08:00,0,0
style.css,449,css,e4b0c46a,manissen,2025-11-04,08:40:17,-08:00,2025-11-04T08:40:17-08:00,0,0
style.css,450,css,e4b0c46a,manissen,2025-11-04,08:40:17,-08:00,2025-11-04T08:40:17-08:00,0,20
style.css,451,css,e4b0c46a,manissen,2025-11-04,08:40:17,-08:00,2025-11-04T08:40:17-08:00,1,9
style.css,452,css,e4b0c46a,manissen,2025-11-04,08:40:17,-08:00,2025-11-04T08:40:17-08:00,1,23
style.css,453,css,e4b0c46a,manissen,2025-11-04,08:40:17,-08:00,2025-11-04T08:40:17-08:00,0,0
style.css,454,css,17e19fcc,manissen,2025-11-07,09:52:40,-08:00,2025-11-07T09:52:40-08:00,0,0
style.css,455,css,00000000,Not Committed Yet,2025-11-21,15:39:27,-08:00,2025-11-21T15:39:27-08:00,0,20
style.css,456,css,17e19fcc,manissen,2025-11-07,09:52:40,-08:00,2025-11-07T09:52:40-08:00,0,24
style.css,457,css,17e19fcc,manissen,2025-11-07,09:52:40,-08:00,2025-11-07T09:52:40-08:00,1,2
style.css,458,css,39606e61,manissen,2025-11-20,20:19:51,-08:00,2025-11-20T20:19:51-08:00,2,20
style.css,459,css,17e19fcc,manissen,2025-11-07,09:52:40,-08:00,2025-11-07T09:52:40-08:00,1,0
style.css,460,css,17e19fcc,manissen,2025-11-07,09:52:40,-08:00,2025-11-07T09:52:40-08:00,0,0
style.css,461,css,17e19fcc,manissen,2025-11-07,09:52:40,-08:00,2025-11-07T09:52:40-08:00,0,0
style.css,462,css,17e19fcc,manissen,2025-11-07,09:52:40,-08:00,2025-11-07T09:52:40-08:00,0,10
style.css,463,css,17e19fcc,manissen,2025-11-07,09:52:40,-08:00,2025-11-07T09:52:40-08:00,1,16
style.css,464,css,17e19fcc,manissen,2025-11-07,09:52:40,-08:00,2025-11-07T09:52:40-08:00,1,12
style.css,465,css,17e19fcc,manissen,2025-11-07,09:52:40,-08:00,2025-11-07T09:52:40-08:00,1,18
style.css,466,css,17e19fcc,manissen,2025-11-07,09:52:40,-08:00,2025-11-07T09:52:40-08:00,1,20
style.css,467,css,17e19fcc,manissen,2025-11-07,09:52:40,-08:00,2025-11-07T09:52:40-08:00,1,42
style.css,468,css,17e19fcc,manissen,2025-11-07,09:52:40,-08:00,2025-11-07T09:52:40-08:00,0,0
style.css,469,css,17e19fcc,manissen,2025-11-07,09:52:40,-08:00,2025-11-07T09:52:40-08:00,0,0
style.css,470,css,39606e61,manissen,2025-11-20,20:19:51,-08:00,2025-11-20T20:19:51-08:00,0,15
style.css,471,css,17e19fcc,manissen,2025-11-07,09:52:40,-08:00,2025-11-07T09:52:40-08:00,1,12
style.css,472,css,39dea04d,manissen,2025-11-07,15:13:33,-08:00,2025-11-07T15:13:33-08:00,0,0
style.css,473,css,39dea04d,manissen,2025-11-07,15:13:33,-08:00,2025-11-07T15:13:33-08:00,0,0
style.css,474,css,39dea04d,manissen,2025-11-07,15:13:33,-08:00,2025-11-07T15:13:33-08:00,0,38
style.css,475,css,39dea04d,manissen,2025-11-07,15:13:33,-08:00,2025-11-07T15:13:33-08:00,0,19
style.css,476,css,39dea04d,manissen,2025-11-07,15:13:33,-08:00,2025-11-07T15:13:33-08:00,1,12
style.css,477,css,39606e61,manissen,2025-11-20,20:19:51,-08:00,2025-11-20T20:19:51-08:00,1,29
style.css,478,css,39dea04d,manissen,2025-11-07,15:13:33,-08:00,2025-11-07T15:13:33-08:00,1,16
style.css,479,css,39dea04d,manissen,2025-11-07,15:13:33,-08:00,2025-11-07T15:13:33-08:00,0,0
style.css,480,css,39dea04d,manissen,2025-11-07,15:13:33,-08:00,2025-11-07T15:13:33-08:00,0,0
style.css,481,css,39606e61,manissen,2025-11-20,20:19:51,-08:00,2025-11-20T20:19:51-08:00,0,12
style.css,482,css,39dea04d,manissen,2025-11-07,15:13:33,-08:00,2025-11-07T15:13:33-08:00,1,14
style.css,483,css,39dea04d,manissen,2025-11-07,15:13:33,-08:00,2025-11-07T15:13:33-08:00,1,18
style.css,484,css,39dea04d,manissen,2025-11-07,15:13:33,-08:00,2025-11-07T15:13:33-08:00,1,12
style.css,485,css,39dea04d,manissen,2025-11-07,15:13:33,-08:00,2025-11-07T15:13:33-08:00,1,68
style.css,486,css,39dea04d,manissen,2025-11-07,15:13:33,-08:00,2025-11-07T15:13:33-08:00,1,36
style.css,487,css,39dea04d,manissen,2025-11-07,15:13:33,-08:00,2025-11-07T15:13:33-08:00,1,18
style.css,488,css,39dea04d,manissen,2025-11-07,15:13:33,-08:00,2025-11-07T15:13:33-08:00,1,74
style.css,489,css,39dea04d,manissen,2025-11-07,15:13:33,-08:00,2025-11-07T15:13:33-08:00,1,33
style.css,490,css,39dea04d,manissen,2025-11-07,15:13:33,-08:00,2025-11-07T15:13:33-08:00,1,15
style.css,491,css,39dea04d,manissen,2025-11-07,15:13:33,-08:00,2025-11-07T15:13:33-08:00,1,37
style.css,492,css,39dea04d,manissen,2025-11-07,15:13:33,-08:00,2025-11-07T15:13:33-08:00,0,0
style.css,493,css,39dea04d,manissen,2025-11-07,15:13:33,-08:00,2025-11-07T15:13:33-08:00,0,0
style.css,494,css,39606e61,manissen,2025-11-20,20:19:51,-08:00,2025-11-20T20:19:51-08:00,0,18
style.css,495,css,39dea04d,manissen,2025-11-07,15:13:33,-08:00,2025-11-07T15:13:33-08:00,1,18
style.css,496,css,39dea04d,manissen,2025-11-07,15:13:33,-08:00,2025-11-07T15:13:33-08:00,1,17
style.css,497,css,39dea04d,manissen,2025-11-07,15:13:33,-08:00,2025-11-07T15:13:33-08:00,1,16
style.css,498,css,39dea04d,manissen,2025-11-07,15:13:33,-08:00,2025-11-07T15:13:33-08:00,1,21
style.css,499,css,39dea04d,manissen,2025-11-07,15:13:33,-08:00,2025-11-07T15:13:33-08:00,0,0
style.css,500,css,39dea04d,manissen,2025-11-07,15:13:33,-08:00,2025-11-07T15:13:33-08:00,0,0
style.css,501,css,39dea04d,manissen,2025-11-07,15:13:33,-08:00,2025-11-07T15:13:33-08:00,0,22
style.css,502,css,39dea04d,manissen,2025-11-07,15:13:33,-08:00,2025-11-07T15:13:33-08:00,1,15
style.css,503,css,39dea04d,manissen,2025-11-07,15:13:33,-08:00,2025-11-07T15:13:33-08:00,1,24
style.css,504,css,39dea04d,manissen,2025-11-07,15:13:33,-08:00,2025-11-07T15:13:33-08:00,1,16
style.css,505,css,39dea04d,manissen,2025-11-07,15:13:33,-08:00,2025-11-07T15:13:33-08:00,1,55
style.css,506,css,39dea04d,manissen,2025-11-07,15:13:33,-08:00,2025-11-07T15:13:33-08:00,1,17
style.css,507,css,39dea04d,manissen,2025-11-07,15:13:33,-08:00,2025-11-07T15:13:33-08:00,1,20
style.css,508,css,39dea04d,manissen,2025-11-07,15:13:33,-08:00,2025-11-07T15:13:33-08:00,0,0
style.css,509,css,39dea04d,manissen,2025-11-07,15:13:33,-08:00,2025-11-07T15:13:33-08:00,0,0
style.css,510,css,39dea04d,manissen,2025-11-07,15:13:33,-08:00,2025-11-07T15:13:33-08:00,0,22
style.css,511,css,39dea04d,manissen,2025-11-07,15:13:33,-08:00,2025-11-07T15:13:33-08:00,1,15
style.css,512,css,39dea04d,manissen,2025-11-07,15:13:33,-08:00,2025-11-07T15:13:33-08:00,1,16
style.css,513,css,39dea04d,manissen,2025-11-07,15:13:33,-08:00,2025-11-07T15:13:33-08:00,1,25
style.css,514,css,39dea04d,manissen,2025-11-07,15:13:33,-08:00,2025-11-07T15:13:33-08:00,1,17
style.css,515,css,39dea04d,manissen,2025-11-07,15:13:33,-08:00,2025-11-07T15:13:33-08:00,1,8
style.css,516,css,39dea04d,manissen,2025-11-07,15:13:33,-08:00,2025-11-07T15:13:33-08:00,1,48
style.css,517,css,39dea04d,manissen,2025-11-07,15:13:33,-08:00,2025-11-07T15:13:33-08:00,0,0
style.css,518,css,39dea04d,manissen,2025-11-07,15:13:33,-08:00,2025-11-07T15:13:33-08:00,0,0
style.css,519,css,39dea04d,manissen,2025-11-07,15:13:33,-08:00,2025-11-07T15:13:33-08:00,0,28
style.css,520,css,39dea04d,manissen,2025-11-07,15:13:33,-08:00,2025-11-07T15:13:33-08:00,1,58
style.css,521,css,39dea04d,manissen,2025-11-07,15:13:33,-08:00,2025-11-07T15:13:33-08:00,1,21
style.css,522,css,39dea04d,manissen,2025-11-07,15:13:33,-08:00,2025-11-07T15:13:33-08:00,0,0
style.css,523,css,39dea04d,manissen,2025-11-07,15:13:33,-08:00,2025-11-07T15:13:33-08:00,0,0
style.css,524,css,39dea04d,manissen,2025-11-07,15:13:33,-08:00,2025-11-07T15:13:33-08:00,0,16
style.css,525,css,39606e61,manissen,2025-11-20,20:19:51,-08:00,2025-11-20T20:19:51-08:00,1,18
style.css,526,css,39dea04d,manissen,2025-11-07,15:13:33,-08:00,2025-11-07T15:13:33-08:00,1,17
style.css,527,css,39dea04d,manissen,2025-11-07,15:13:33,-08:00,2025-11-07T15:13:33-08:00,1,15
style.css,528,css,39dea04d,manissen,2025-11-07,15:13:33,-08:00,2025-11-07T15:13:33-08:00,1,15
style.css,529,css,39dea04d,manissen,2025-11-07,15:13:33,-08:00,2025-11-07T15:13:33-08:00,1,23
style.css,530,css,6bfa7ad0,manissen,2025-11-11,07:32:21,-08:00,2025-11-11T07:32:21-08:00,0,0
style.css,531,css,6bfa7ad0,manissen,2025-11-11,07:32:21,-08:00,2025-11-11T07:32:21-08:00,0,0
style.css,532,css,00000000,Not Committed Yet,2025-11-21,15:39:27,-08:00,2025-11-21T15:39:27-08:00,0,24
style.css,533,css,6bfa7ad0,manissen,2025-11-11,07:32:21,-08:00,2025-11-11T07:32:21-08:00,0,8
style.css,534,css,6bfa7ad0,manissen,2025-11-11,07:32:21,-08:00,2025-11-11T07:32:21-08:00,1,12
style.css,535,css,6bfa7ad0,manissen,2025-11-11,07:32:21,-08:00,2025-11-11T07:32:21-08:00,1,58
style.css,536,css,6bfa7ad0,manissen,2025-11-11,07:32:21,-08:00,2025-11-11T07:32:21-08:00,1,8
style.css,537,css,6bfa7ad0,manissen,2025-11-11,07:32:21,-08:00,2025-11-11T07:32:21-08:00,1,9
style.css,538,css,6bfa7ad0,manissen,2025-11-11,07:32:21,-08:00,2025-11-11T07:32:21-08:00,1,16
style.css,539,css,6bfa7ad0,manissen,2025-11-11,07:32:21,-08:00,2025-11-11T07:32:21-08:00,1,13
style.css,540,css,6bfa7ad0,manissen,2025-11-11,07:32:21,-08:00,2025-11-11T07:32:21-08:00,0,0
style.css,541,css,6bfa7ad0,manissen,2025-11-11,07:32:21,-08:00,2025-11-11T07:32:21-08:00,0,0
style.css,542,css,6bfa7ad0,manissen,2025-11-11,07:32:21,-08:00,2025-11-11T07:32:21-08:00,0,15
style.css,543,css,6bfa7ad0,manissen,2025-11-11,07:32:21,-08:00,2025-11-11T07:32:21-08:00,1,8
style.css,544,css,6bfa7ad0,manissen,2025-11-11,07:32:21,-08:00,2025-11-11T07:32:21-08:00,1,17
style.css,545,css,6bfa7ad0,manissen,2025-11-11,07:32:21,-08:00,2025-11-11T07:32:21-08:00,1,15
style.css,546,css,00000000,Not Committed Yet,2025-11-21,15:39:27,-08:00,2025-11-21T15:39:27-08:00,1,14
style.css,547,css,6bfa7ad0,manissen,2025-11-11,07:32:21,-08:00,2025-11-11T07:32:21-08:00,1,21
style.css,548,css,00000000,Not Committed Yet,2025-11-21,15:39:27,-08:00,2025-11-21T15:39:27-08:00,1,15
style.css,549,css,6bfa7ad0,manissen,2025-11-11,07:32:21,-08:00,2025-11-11T07:32:21-08:00,1,40
style.css,550,css,6bfa7ad0,manissen,2025-11-11,07:32:21,-08:00,2025-11-11T07:32:21-08:00,1,30
style.css,551,css,6bfa7ad0,manissen,2025-11-11,07:32:21,-08:00,2025-11-11T07:32:21-08:00,0,0
style.css,552,css,6bfa7ad0,manissen,2025-11-11,07:32:21,-08:00,2025-11-11T07:32:21-08:00,0,0
style.css,553,css,6bfa7ad0,manissen,2025-11-11,07:32:21,-08:00,2025-11-11T07:32:21-08:00,0,21
style.css,554,css,6bfa7ad0,manissen,2025-11-11,07:32:21,-08:00,2025-11-11T07:32:21-08:00,1,21
style.css,555,css,6bfa7ad0,manissen,2025-11-11,07:32:21,-08:00,2025-11-11T07:32:21-08:00,0,0
style.css,556,css,6bfa7ad0,manissen,2025-11-11,07:32:21,-08:00,2025-11-11T07:32:21-08:00,0,0
style.css,557,css,6bfa7ad0,manissen,2025-11-11,07:32:21,-08:00,2025-11-11T07:32:21-08:00,0,12
style.css,558,css,6bfa7ad0,manissen,2025-11-11,07:32:21,-08:00,2025-11-11T07:32:21-08:00,1,10
style.css,559,css,6bfa7ad0,manissen,2025-11-11,07:32:21,-08:00,2025-11-11T07:32:21-08:00,1,12
style.css,560,css,6bfa7ad0,manissen,2025-11-11,07:32:21,-08:00,2025-11-11T07:32:21-08:00,1,16
style.css,561,css,6bfa7ad0,manissen,2025-11-11,07:32:21,-08:00,2025-11-11T07:32:21-08:00,0,0
style.css,562,css,6bfa7ad0,manissen,2025-11-11,07:32:21,-08:00,2025-11-11T07:32:21-08:00,0,0
style.css,563,css,6bfa7ad0,manissen,2025-11-11,07:32:21,-08:00,2025-11-11T07:32:21-08:00,0,19
style.css,564,css,6bfa7ad0,manissen,2025-11-11,07:32:21,-08:00,2025-11-11T07:32:21-08:00,1,22
style.css,565,css,6bfa7ad0,manissen,2025-11-11,07:32:21,-08:00,2025-11-11T07:32:21-08:00,1,16
style.css,566,css,6bfa7ad0,manissen,2025-11-11,07:32:21,-08:00,2025-11-11T07:32:21-08:00,1,17
style.css,567,css,6bfa7ad0,manissen,2025-11-11,07:32:21,-08:00,2025-11-11T07:32:21-08:00,1,15
style.css,568,css,6bfa7ad0,manissen,2025-11-11,07:32:21,-08:00,2025-11-11T07:32:21-08:00,1,25
style.css,569,css,6bfa7ad0,manissen,2025-11-11,07:32:21,-08:00,2025-11-11T07:32:21-08:00,0,0
style.css,570,css,6bfa7ad0,manissen,2025-11-11,07:32:21,-08:00,2025-11-11T07:32:21-08:00,0,0
style.css,571,css,00000000,Not Committed Yet,2025-11-21,15:39:27,-08:00,2025-11-21T15:39:27-08:00,0,20
style.css,572,css,6bfa7ad0,manissen,2025-11-11,07:32:21,-08:00,2025-11-11T07:32:21-08:00,0,9
style.css,573,css,6bfa7ad0,manissen,2025-11-11,07:32:21,-08:00,2025-11-11T07:32:21-08:00,1,14
style.css,574,css,00000000,Not Committed Yet,2025-11-21,15:39:27,-08:00,2025-11-21T15:39:27-08:00,1,7
style.css,575,css,6bfa7ad0,manissen,2025-11-11,07:32:21,-08:00,2025-11-11T07:32:21-08:00,1,12
style.css,576,css,00000000,Not Committed Yet,2025-11-21,15:39:27,-08:00,2025-11-21T15:39:27-08:00,1,12
style.css,577,css,00000000,Not Committed Yet,2025-11-21,15:39:27,-08:00,2025-11-21T15:39:27-08:00,1,30
style.css,578,css,6bfa7ad0,manissen,2025-11-11,07:32:21,-08:00,2025-11-11T07:32:21-08:00,1,22
style.css,579,css,6bfa7ad0,manissen,2025-11-11,07:32:21,-08:00,2025-11-11T07:32:21-08:00,1,21
style.css,580,css,00000000,Not Committed Yet,2025-11-21,15:39:27,-08:00,2025-11-21T15:39:27-08:00,1,18
style.css,581,css,6bfa7ad0,manissen,2025-11-11,07:32:21,-08:00,2025-11-11T07:32:21-08:00,1,12
style.css,582,css,6bfa7ad0,manissen,2025-11-11,07:32:21,-08:00,2025-11-11T07:32:21-08:00,0,0
style.css,583,css,6bfa7ad0,manissen,2025-11-11,07:32:21,-08:00,2025-11-11T07:32:21-08:00,0,0
style.css,584,css,6bfa7ad0,manissen,2025-11-11,07:32:21,-08:00,2025-11-11T07:32:21-08:00,0,16
style.css,585,css,6bfa7ad0,manissen,2025-11-11,07:32:21,-08:00,2025-11-11T07:32:21-08:00,1,12
style.css,586,css,6bfa7ad0,manissen,2025-11-11,07:32:21,-08:00,2025-11-11T07:32:21-08:00,0,0
style.css,587,css,6bfa7ad0,manissen,2025-11-11,07:32:21,-08:00,2025-11-11T07:32:21-08:00,0,0
style.css,588,css,6bfa7ad0,manissen,2025-11-11,07:32:21,-08:00,2025-11-11T07:32:21-08:00,0,13
style.css,589,css,6bfa7ad0,manissen,2025-11-11,07:32:21,-08:00,2025-11-11T07:32:21-08:00,1,13
style.css,590,css,6bfa7ad0,manissen,2025-11-11,07:32:21,-08:00,2025-11-11T07:32:21-08:00,1,15
style.css,591,css,6bfa7ad0,manissen,2025-11-11,07:32:21,-08:00,2025-11-11T07:32:21-08:00,1,18
style.css,592,css,6bfa7ad0,manissen,2025-11-11,07:32:21,-08:00,2025-11-11T07:32:21-08:00,1,20
style.css,593,css,6bfa7ad0,manissen,2025-11-11,07:32:21,-08:00,2025-11-11T07:32:21-08:00,1,40
style.css,594,css,6bfa7ad0,manissen,2025-11-11,07:32:21,-08:00,2025-11-11T07:32:21-08:00,1,18
style.css,595,css,6bfa7ad0,manissen,2025-11-11,07:32:21,-08:00,2025-11-11T07:32:21-08:00,0,0
style.css,596,css,6bfa7ad0,manissen,2025-11-11,07:32:21,-08:00,2025-11-11T07:32:21-08:00,0,0
style.css,597,css,6bfa7ad0,manissen,2025-11-11,07:32:21,-08:00,2025-11-11T07:32:21-08:00,0,18
style.css,598,css,6bfa7ad0,manissen,2025-11-11,07:32:21,-08:00,2025-11-11T07:32:21-08:00,1,13
style.css,599,css,6bfa7ad0,manissen,2025-11-11,07:32:21,-08:00,2025-11-11T07:32:21-08:00,1,10
style.css,600,css,00000000,Not Committed Yet,2025-11-21,15:39:27,-08:00,2025-11-21T15:39:27-08:00,1,17
style.css,601,css,6bfa7ad0,manissen,2025-11-11,07:32:21,-08:00,2025-11-11T07:32:21-08:00,1,29
style.css,602,css,6bfa7ad0,manissen,2025-11-11,07:32:21,-08:00,2025-11-11T07:32:21-08:00,1,20
style.css,603,css,6bfa7ad0,manissen,2025-11-11,07:32:21,-08:00,2025-11-11T07:32:21-08:00,1,20
style.css,604,css,6bfa7ad0,manissen,2025-11-11,07:32:21,-08:00,2025-11-11T07:32:21-08:00,0,0
style.css,605,css,6bfa7ad0,manissen,2025-11-11,07:32:21,-08:00,2025-11-11T07:32:21-08:00,0,0
style.css,606,css,6bfa7ad0,manissen,2025-11-11,07:32:21,-08:00,2025-11-11T07:32:21-08:00,0,10
style.css,607,css,6bfa7ad0,manissen,2025-11-11,07:32:21,-08:00,2025-11-11T07:32:21-08:00,1,17
style.css,608,css,6bfa7ad0,manissen,2025-11-11,07:32:21,-08:00,2025-11-11T07:32:21-08:00,1,8
style.css,609,css,6bfa7ad0,manissen,2025-11-11,07:32:21,-08:00,2025-11-11T07:32:21-08:00,1,12
style.css,610,css,6bfa7ad0,manissen,2025-11-11,07:32:21,-08:00,2025-11-11T07:32:21-08:00,1,14
style.css,611,css,00000000,Not Committed Yet,2025-11-21,15:39:27,-08:00,2025-11-21T15:39:27-08:00,1,10
style.css,612,css,6bfa7ad0,manissen,2025-11-11,07:32:21,-08:00,2025-11-11T07:32:21-08:00,1,20
style.css,613,css,6bfa7ad0,manissen,2025-11-11,07:32:21,-08:00,2025-11-11T07:32:21-08:00,1,16
style.css,614,css,6bfa7ad0,manissen,2025-11-11,07:32:21,-08:00,2025-11-11T07:32:21-08:00,1,29
style.css,615,css,6bfa7ad0,manissen,2025-11-11,07:32:21,-08:00,2025-11-11T07:32:21-08:00,1,22
style.css,616,css,00000000,Not Committed Yet,2025-11-21,15:39:27,-08:00,2025-11-21T15:39:27-08:00,1,17
style.css,617,css,6bfa7ad0,manissen,2025-11-11,07:32:21,-08:00,2025-11-11T07:32:21-08:00,1,26
style.css,618,css,6bfa7ad0,manissen,2025-11-11,07:32:21,-08:00,2025-11-11T07:32:21-08:00,0,0
style.css,619,css,6bfa7ad0,manissen,2025-11-11,07:32:21,-08:00,2025-11-11T07:32:21-08:00,0,0
style.css,620,css,6bfa7ad0,manissen,2025-11-11,07:32:21,-08:00,2025-11-11T07:32:21-08:00,0,16
style.css,621,css,6bfa7ad0,manissen,2025-11-11,07:32:21,-08:00,2025-11-11T07:32:21-08:00,1,29
style.css,622,css,6bfa7ad0,manissen,2025-11-11,07:32:21,-08:00,2025-11-11T07:32:21-08:00,0,0
style.css,623,css,6bfa7ad0,manissen,2025-11-11,07:32:21,-08:00,2025-11-11T07:32:21-08:00,0,0
style.css,624,css,6bfa7ad0,manissen,2025-11-11,07:32:21,-08:00,2025-11-11T07:32:21-08:00,0,25
style.css,625,css,6bfa7ad0,manissen,2025-11-11,07:32:21,-08:00,2025-11-11T07:32:21-08:00,1,12
style.css,626,css,6bfa7ad0,manissen,2025-11-11,07:32:21,-08:00,2025-11-11T07:32:21-08:00,2,12
style.css,627,css,6bfa7ad0,manissen,2025-11-11,07:32:21,-08:00,2025-11-11T07:32:21-08:00,1,0
style.css,628,css,97679c1f,manissen,2025-11-16,15:07:59,-08:00,2025-11-16T15:07:59-08:00,0,0
style.css,629,css,97679c1f,manissen,2025-11-16,15:07:59,-08:00,2025-11-16T15:07:59-08:00,0,0
style.css,630,css,00000000,Not Committed Yet,2025-11-21,15:39:27,-08:00,2025-11-21T15:39:27-08:00,0,21
style.css,631,css,346a39af,manissen,2025-11-16,15:30:36,-08:00,2025-11-16T15:30:36-08:00,0,10
style.css,632,css,97679c1f,manissen,2025-11-16,15:07:59,-08:00,2025-11-16T15:07:59-08:00,1,12
style.css,633,css,39606e61,manissen,2025-11-20,20:19:51,-08:00,2025-11-20T20:19:51-08:00,1,21
style.css,634,css,346a39af,manissen,2025-11-16,15:30:36,-08:00,2025-11-16T15:30:36-08:00,1,10
style.css,635,css,346a39af,manissen,2025-11-16,15:30:36,-08:00,2025-11-16T15:30:36-08:00,0,0
style.css,636,css,97679c1f,manissen,2025-11-16,15:07:59,-08:00,2025-11-16T15:07:59-08:00,0,0
style.css,637,css,346a39af,manissen,2025-11-16,15:30:36,-08:00,2025-11-16T15:30:36-08:00,0,16
style.css,638,css,346a39af,manissen,2025-11-16,15:30:36,-08:00,2025-11-16T15:30:36-08:00,1,12
style.css,639,css,39606e61,manissen,2025-11-20,20:19:51,-08:00,2025-11-20T20:19:51-08:00,1,21
style.css,640,css,346a39af,manissen,2025-11-16,15:30:36,-08:00,2025-11-16T15:30:36-08:00,1,10
style.css,641,css,97679c1f,manissen,2025-11-16,15:07:59,-08:00,2025-11-16T15:07:59-08:00,0,0
style.css,642,css,97679c1f,manissen,2025-11-16,15:07:59,-08:00,2025-11-16T15:07:59-08:00,0,0
style.css,643,css,346a39af,manissen,2025-11-16,15:30:36,-08:00,2025-11-16T15:30:36-08:00,0,16
style.css,644,css,39606e61,manissen,2025-11-20,20:19:51,-08:00,2025-11-20T20:19:51-08:00,1,10
style.css,645,css,346a39af,manissen,2025-11-16,15:30:36,-08:00,2025-11-16T15:30:36-08:00,0,0
style.css,646,css,346a39af,manissen,2025-11-16,15:30:36,-08:00,2025-11-16T15:30:36-08:00,0,0
style.css,647,css,346a39af,manissen,2025-11-16,15:30:36,-08:00,2025-11-16T15:30:36-08:00,0,12
style.css,648,css,39606e61,manissen,2025-11-20,20:19:51,-08:00,2025-11-20T20:19:51-08:00,1,19
style.css,649,css,39606e61,manissen,2025-11-20,20:19:51,-08:00,2025-11-20T20:19:51-08:00,1,18
style.css,650,css,39606e61,manissen,2025-11-20,20:19:51,-08:00,2025-11-20T20:19:51-08:00,0,0
style.css,651,css,39606e61,manissen,2025-11-20,20:19:51,-08:00,2025-11-20T20:19:51-08:00,0,0
style.css,652,css,00000000,Not Committed Yet,2025-11-21,15:39:27,-08:00,2025-11-21T15:39:27-08:00,0,29
style.css,653,css,39606e61,manissen,2025-11-20,20:19:51,-08:00,2025-11-20T20:19:51-08:00,0,6
style.css,654,css,39606e61,manissen,2025-11-20,20:19:51,-08:00,2025-11-20T20:19:51-08:00,1,12
style.css,655,css,39606e61,manissen,2025-11-20,20:19:51,-08:00,2025-11-20T20:19:51-08:00,1,29
style.css,656,css,00000000,Not Committed Yet,2025-11-21,15:39:27,-08:00,2025-11-21T15:39:27-08:00,0,0
style.css,657,css,39606e61,manissen,2025-11-20,20:19:51,-08:00,2025-11-20T20:19:51-08:00,0,0
style.css,658,css,00000000,Not Committed Yet,2025-11-21,15:39:27,-08:00,2025-11-21T15:39:27-08:00,0,12
style.css,659,css,00000000,Not Committed Yet,2025-11-21,15:39:27,-08:00,2025-11-21T15:39:27-08:00,1,12
style.css,660,css,00000000,Not Committed Yet,2025-11-21,15:39:27,-08:00,2025-11-21T15:39:27-08:00,1,41
style.css,661,css,346a39af,manissen,2025-11-16,15:30:36,-08:00,2025-11-16T15:30:36-08:00,0,0
style.css,662,css,39606e61,manissen,2025-11-20,20:19:51,-08:00,2025-11-20T20:19:51-08:00,0,0
style.css,663,css,00000000,Not Committed Yet,2025-11-21,15:39:27,-08:00,2025-11-21T15:39:27-08:00,0,9
style.css,664,css,00000000,Not Committed Yet,2025-11-21,15:39:27,-08:00,2025-11-21T15:39:27-08:00,1,13
style.css,665,css,39606e61,manissen,2025-11-20,20:19:51,-08:00,2025-11-20T20:19:51-08:00,0,0
style.css,666,css,39606e61,manissen,2025-11-20,20:19:51,-08:00,2025-11-20T20:19:51-08:00,0,0
style.css,667,css,00000000,Not Committed Yet,2025-11-21,15:39:27,-08:00,2025-11-21T15:39:27-08:00,0,9
style.css,668,css,39606e61,manissen,2025-11-20,20:19:51,-08:00,2025-11-20T20:19:51-08:00,1,13
style.css,669,css,39606e61,manissen,2025-11-20,20:19:51,-08:00,2025-11-20T20:19:51-08:00,1,12
style.css,670,css,39606e61,manissen,2025-11-20,20:19:51,-08:00,2025-11-20T20:19:51-08:00,1,14
style.css,671,css,39606e61,manissen,2025-11-20,20:19:51,-08:00,2025-11-20T20:19:51-08:00,1,10
style.css,672,css,39606e61,manissen,2025-11-20,20:19:51,-08:00,2025-11-20T20:19:51-08:00,1,17
style.css,673,css,39606e61,manissen,2025-11-20,20:19:51,-08:00,2025-11-20T20:19:51-08:00,1,13
style.css,674,css,362b97e2,manissen,2025-11-20,20:40:15,-08:00,2025-11-20T20:40:15-08:00,0,0
style.css,675,css,362b97e2,manissen,2025-11-20,20:40:15,-08:00,2025-11-20T20:40:15-08:00,0,0
style.css,676,css,00000000,Not Committed Yet,2025-11-21,15:39:27,-08:00,2025-11-21T15:39:27-08:00,0,4
style.css,677,css,00000000,Not Committed Yet,2025-11-21,15:39:27,-08:00,2025-11-21T15:39:27-08:00,1,12
style.css,678,css,00000000,Not Committed Yet,2025-11-21,15:39:27,-08:00,2025-11-21T15:39:27-08:00,1,11
style.css,679,css,00000000,Not Committed Yet,2025-11-21,15:39:27,-08:00,2025-11-21T15:39:27-08:00,1,14
style.css,680,css,00000000,Not Committed Yet,2025-11-21,15:39:27,-08:00,2025-11-21T15:39:27-08:00,1,23
style.css,681,css,00000000,Not Committed Yet,2025-11-21,15:39:27,-08:00,2025-11-21T15:39:27-08:00,1,17
style.css,682,css,00000000,Not Committed Yet,2025-11-21,15:39:27,-08:00,2025-11-21T15:39:27-08:00,0,0
style.css,683,css,00000000,Not Committed Yet,2025-11-21,15:39:27,-08:00,2025-11-21T15:39:27-08:00,0,0
style.css,684,css,362b97e2,manissen,2025-11-20,20:40:15,-08:00,2025-11-20T20:40:15-08:00,0,6
style.css,685,css,362b97e2,manissen,2025-11-20,20:40:15,-08:00,2025-11-20T20:40:15-08:00,0,8
style.css,686,css,00000000,Not Committed Yet,2025-11-21,15:39:27,-08:00,2025-11-21T15:39:27-08:00,1,13
style.css,687,css,362b97e2,manissen,2025-11-20,20:40:15,-08:00,2025-11-20T20:40:15-08:00,0,0
style.css,688,css,362b97e2,manissen,2025-11-20,20:40:15,-08:00,2025-11-20T20:40:15-08:00,0,0
style.css,689,css,362b97e2,manissen,2025-11-20,20:40:15,-08:00,2025-11-20T20:40:15-08:00,0,8
style.css,690,css,362b97e2,manissen,2025-11-20,20:40:15,-08:00,2025-11-20T20:40:15-08:00,1,15
style.css,691,css,362b97e2,manissen,2025-11-20,20:40:15,-08:00,2025-11-20T20:40:15-08:00,1,11
style.css,692,css,362b97e2,manissen,2025-11-20,20:40:15,-08:00,2025-11-20T20:40:15-08:00,1,14
style.css,693,css,362b97e2,manissen,2025-11-20,20:40:15,-08:00,2025-11-20T20:40:15-08:00,0,0
style.css,694,css,362b97e2,manissen,2025-11-20,20:40:15,-08:00,2025-11-20T20:40:15-08:00,0,0
style.css,695,css,00000000,Not Committed Yet,2025-11-21,15:39:27,-08:00,2025-11-21T15:39:27-08:00,0,27
style.css,696,css,362b97e2,manissen,2025-11-20,20:40:15,-08:00,2025-11-20T20:40:15-08:00,0,10
style.css,697,css,362b97e2,manissen,2025-11-20,20:40:15,-08:00,2025-11-20T20:40:15-08:00,1,12
style.css,698,css,362b97e2,manissen,2025-11-20,20:40:15,-08:00,2025-11-20T20:40:15-08:00,1,8
style.css,699,css,00000000,Not Committed Yet,2025-11-21,15:39:27,-08:00,2025-11-21T15:39:27-08:00,0,0
style.css,700,css,362b97e2,manissen,2025-11-20,20:40:15,-08:00,2025-11-20T20:40:15-08:00,0,0
style.css,701,css,00000000,Not Committed Yet,2025-11-21,15:39:27,-08:00,2025-11-21T15:39:27-08:00,0,14
style.css,702,css,00000000,Not Committed Yet,2025-11-21,15:39:27,-08:00,2025-11-21T15:39:27-08:00,1,6
style.css,703,css,362b97e2,manissen,2025-11-20,20:40:15,-08:00,2025-11-20T20:40:15-08:00,0,0
style.css,704,css,362b97e2,manissen,2025-11-20,20:40:15,-08:00,2025-11-20T20:40:15-08:00,0,0
style.css,705,css,362b97e2,manissen,2025-11-20,20:40:15,-08:00,2025-11-20T20:40:15-08:00,0,14
style.css,706,css,362b97e2,manissen,2025-11-20,20:40:15,-08:00,2025-11-20T20:40:15-08:00,1,17
style.css,707,css,362b97e2,manissen,2025-11-20,20:40:15,-08:00,2025-11-20T20:40:15-08:00,0,0
style.css,708,css,362b97e2,manissen,2025-11-20,20:40:15,-08:00,2025-11-20T20:40:15-08:00,0,0
style.css,709,css,362b97e2,manissen,2025-11-20,20:40:15,-08:00,2025-11-20T20:40:15-08:00,0,13
style.css,710,css,362b97e2,manissen,2025-11-20,20:40:15,-08:00,2025-11-20T20:40:15-08:00,1,15
style.css,711,css,362b97e2,manissen,2025-11-20,20:40:15,-08:00,2025-11-20T20:40:15-08:00,1,5
style.css,712,css,362b97e2,manissen,2025-11-20,20:40:15,-08:00,2025-11-20T20:40:15-08:00,1,11
style.css,713,css,39606e61,manissen,2025-11-20,20:19:51,-08:00,2025-11-20T20:19:51-08:00,0,0
index.js,1,js,f8b4b27c,manissen,2025-10-29,15:06:34,-07:00,2025-10-29T15:06:34-07:00,0,9
index.js,2,js,f8b4b27c,manissen,2025-10-29,15:06:34,-07:00,2025-10-29T15:06:34-07:00,0,71
index.js,3,js,f8b4b27c,manissen,2025-10-29,15:06:34,-07:00,2025-10-29T15:06:34-07:00,0,0
index.js,4,js,f8b4b27c,manissen,2025-10-29,15:06:34,-07:00,2025-10-29T15:06:34-07:00,0,31
index.js,5,js,f8b4b27c,manissen,2025-10-29,15:06:34,-07:00,2025-10-29T15:06:34-07:00,0,54
index.js,6,js,f8b4b27c,manissen,2025-10-29,15:06:34,-07:00,2025-10-29T15:06:34-07:00,0,42
index.js,7,js,f8b4b27c,manissen,2025-10-29,15:06:34,-07:00,2025-10-29T15:06:34-07:00,0,60
index.js,8,js,f8b4b27c,manissen,2025-10-29,15:06:34,-07:00,2025-10-29T15:06:34-07:00,0,54
index.js,9,js,f8b4b27c,manissen,2025-10-29,15:06:34,-07:00,2025-10-29T15:06:34-07:00,0,0
index.js,10,js,f8b4b27c,manissen,2025-10-29,15:06:34,-07:00,2025-10-29T15:06:34-07:00,0,28
index.js,11,js,e5c66099,manissen,2025-10-29,15:41:40,-07:00,2025-10-29T15:41:40-07:00,0,51
index.js,12,js,f8b4b27c,manissen,2025-10-29,15:06:34,-07:00,2025-10-29T15:06:34-07:00,0,60
index.js,13,js,f8b4b27c,manissen,2025-10-29,15:06:34,-07:00,2025-10-29T15:06:34-07:00,0,0
index.js,14,js,f8b4b27c,manissen,2025-10-29,15:06:34,-07:00,2025-10-29T15:06:34-07:00,0,17
index.js,15,js,f8b4b27c,manissen,2025-10-29,15:06:34,-07:00,2025-10-29T15:06:34-07:00,1,24
index.js,16,js,f8b4b27c,manissen,2025-10-29,15:06:34,-07:00,2025-10-29T15:06:34-07:00,2,27
index.js,17,js,f8b4b27c,manissen,2025-10-29,15:06:34,-07:00,2025-10-29T15:06:34-07:00,2,2
index.js,18,js,e5c66099,manissen,2025-10-29,15:41:40,-07:00,2025-10-29T15:41:40-07:00,3,54
index.js,19,js,e5c66099,manissen,2025-10-29,15:41:40,-07:00,2025-10-29T15:41:40-07:00,3,54
index.js,20,js,e5c66099,manissen,2025-10-29,15:41:40,-07:00,2025-10-29T15:41:40-07:00,3,48
index.js,21,js,e5c66099,manissen,2025-10-29,15:41:40,-07:00,2025-10-29T15:41:40-07:00,3,48
index.js,22,js,f8b4b27c,manissen,2025-10-29,15:06:34,-07:00,2025-10-29T15:06:34-07:00,2,3
index.js,23,js,f8b4b27c,manissen,2025-10-29,15:06:34,-07:00,2025-10-29T15:06:34-07:00,1,0
index.js,24,js,f8b4b27c,manissen,2025-10-29,15:06:34,-07:00,2025-10-29T15:06:34-07:00,0,0
index.html,1,html,a6b8bf7f,manissen,2025-09-29,22:13:49,-07:00,2025-09-29T22:13:49-07:00,0,13
index.html,2,html,a6b8bf7f,manissen,2025-09-29,22:13:49,-07:00,2025-09-29T22:13:49-07:00,0,14
index.html,3,html,a6b8bf7f,manissen,2025-09-29,22:13:49,-07:00,2025-09-29T22:13:49-07:00,0,4
index.html,4,html,a6b8bf7f,manissen,2025-09-29,22:13:49,-07:00,2025-09-29T22:13:49-07:00,2,20
index.html,5,html,a6b8bf7f,manissen,2025-09-29,22:13:49,-07:00,2025-09-29T22:13:49-07:00,2,68
index.html,6,html,a6b8bf7f,manissen,2025-09-29,22:13:49,-07:00,2025-09-29T22:13:49-07:00,2,55
index.html,7,html,ce5a2b3c,manissen,2025-09-30,16:45:16,-07:00,2025-09-30T16:45:16-07:00,2,38
index.html,8,html,3d917df0,manissen,2025-10-14,20:35:53,-07:00,2025-10-14T20:35:53-07:00,2,45
index.html,9,html,21e8df37,manissen,2025-10-21,15:43:12,-07:00,2025-10-21T15:43:12-07:00,2,50
index.html,10,html,a6b8bf7f,manissen,2025-09-29,22:13:49,-07:00,2025-09-29T22:13:49-07:00,0,5
index.html,11,html,a6b8bf7f,manissen,2025-09-29,22:13:49,-07:00,2025-09-29T22:13:49-07:00,0,4
index.html,12,html,f0c23924,manissen,2025-10-07,22:47:51,-07:00,2025-10-07T22:47:51-07:00,2,40
index.html,13,html,61269cbb,manissen,2025-10-07,17:09:19,-07:00,2025-10-07T17:09:19-07:00,2,513
index.html,14,html,f0c23924,manissen,2025-10-07,22:47:51,-07:00,2025-10-07T22:47:51-07:00,2,25
index.html,15,html,05f37cc6,manissen,2025-10-12,15:39:18,-07:00,2025-10-12T15:39:18-07:00,4,99
index.html,16,html,c1c8c0bc,manissen,2025-10-12,15:32:57,-07:00,2025-10-12T15:32:57-07:00,4,69
index.html,17,html,f4823187,manissen,2025-10-12,15:40:04,-07:00,2025-10-12T15:40:04-07:00,4,71
index.html,18,html,f4823187,manissen,2025-10-12,15:40:04,-07:00,2025-10-12T15:40:04-07:00,4,70
index.html,19,html,f0c23924,manissen,2025-10-07,22:47:51,-07:00,2025-10-07T22:47:51-07:00,2,4
index.html,20,html,cccac029,manissen,2025-10-21,22:31:50,-07:00,2025-10-21T22:31:50-07:00,2,7
index.html,21,html,cccac029,manissen,2025-10-21,22:31:50,-07:00,2025-10-21T22:31:50-07:00,4,22
index.html,22,html,cccac029,manissen,2025-10-21,22:31:50,-07:00,2025-10-21T22:31:50-07:00,4,26
index.html,23,html,cccac029,manissen,2025-10-21,22:31:50,-07:00,2025-10-21T22:31:50-07:00,2,8
index.html,24,html,cccac029,manissen,2025-10-21,22:31:50,-07:00,2025-10-21T22:31:50-07:00,2,7
index.html,25,html,cccac029,manissen,2025-10-21,22:31:50,-07:00,2025-10-21T22:31:50-07:00,4,29
index.html,26,html,cccac029,manissen,2025-10-21,22:31:50,-07:00,2025-10-21T22:31:50-07:00,2,8
index.html,27,html,a6b8bf7f,manissen,2025-09-29,22:13:49,-07:00,2025-09-29T22:13:49-07:00,0,5
index.html,28,html,a6b8bf7f,manissen,2025-09-29,22:13:49,-07:00,2025-09-29T22:13:49-07:00,0,5
global.js,1,js,c104f06b,manissen,2025-10-15,14:11:39,-07:00,2025-10-15T14:11:39-07:00,0,25
global.js,2,js,8e2ed2cc,manissen,2025-10-14,20:32:38,-07:00,2025-10-14T20:32:38-07:00,0,0
global.js,3,js,c104f06b,manissen,2025-10-15,14:11:39,-07:00,2025-10-15T14:11:39-07:00,0,31
global.js,4,js,c104f06b,manissen,2025-10-15,14:11:39,-07:00,2025-10-15T14:11:39-07:00,2,11
global.js,5,js,c104f06b,manissen,2025-10-15,14:11:39,-07:00,2025-10-15T14:11:39-07:00,2,0
global.js,6,js,c104f06b,manissen,2025-10-15,14:11:39,-07:00,2025-10-15T14:11:39-07:00,2,92
global.js,7,js,c104f06b,manissen,2025-10-15,14:11:39,-07:00,2025-10-15T14:11:39-07:00,3,4
global.js,8,js,c104f06b,manissen,2025-10-15,14:11:39,-07:00,2025-10-15T14:11:39-07:00,3,6
global.js,9,js,c104f06b,manissen,2025-10-15,14:11:39,-07:00,2025-10-15T14:11:39-07:00,4,43
global.js,10,js,c104f06b,manissen,2025-10-15,14:11:39,-07:00,2025-10-15T14:11:39-07:00,4,34
global.js,11,js,c104f06b,manissen,2025-10-15,14:11:39,-07:00,2025-10-15T14:11:39-07:00,4,32
global.js,12,js,c104f06b,manissen,2025-10-15,14:11:39,-07:00,2025-10-15T14:11:39-07:00,3,7
global.js,13,js,c104f06b,manissen,2025-10-15,14:11:39,-07:00,2025-10-15T14:11:39-07:00,2,6
global.js,14,js,c104f06b,manissen,2025-10-15,14:11:39,-07:00,2025-10-15T14:11:39-07:00,1,0
global.js,15,js,c104f06b,manissen,2025-10-15,14:11:39,-07:00,2025-10-15T14:11:39-07:00,0,0
global.js,16,js,c104f06b,manissen,2025-10-15,14:11:39,-07:00,2025-10-15T14:11:39-07:00,0,0
global.js,17,js,c104f06b,manissen,2025-10-15,14:11:39,-07:00,2025-10-15T14:11:39-07:00,0,60
global.js,18,js,c104f06b,manissen,2025-10-15,14:11:39,-07:00,2025-10-15T14:11:39-07:00,0,0
global.js,19,js,c104f06b,manissen,2025-10-15,14:11:39,-07:00,2025-10-15T14:11:39-07:00,0,31
global.js,20,js,c104f06b,manissen,2025-10-15,14:11:39,-07:00,2025-10-15T14:11:39-07:00,2,65
global.js,21,js,21e8df37,manissen,2025-10-21,15:43:12,-07:00,2025-10-21T15:43:12-07:00,2,20
global.js,22,js,c104f06b,manissen,2025-10-15,14:11:39,-07:00,2025-10-15T14:11:39-07:00,0,0
global.js,23,js,c104f06b,manissen,2025-10-15,14:11:39,-07:00,2025-10-15T14:11:39-07:00,0,0
global.js,24,js,c104f06b,manissen,2025-10-15,14:11:39,-07:00,2025-10-15T14:11:39-07:00,0,34
global.js,25,js,c104f06b,manissen,2025-10-15,14:11:39,-07:00,2025-10-15T14:11:39-07:00,2,39
global.js,26,js,c104f06b,manissen,2025-10-15,14:11:39,-07:00,2025-10-15T14:11:39-07:00,0,0
global.js,27,js,c104f06b,manissen,2025-10-15,14:11:39,-07:00,2025-10-15T14:11:39-07:00,0,0
global.js,28,js,c104f06b,manissen,2025-10-15,14:11:39,-07:00,2025-10-15T14:11:39-07:00,0,43
global.js,29,js,c104f06b,manissen,2025-10-15,14:11:39,-07:00,2025-10-15T14:11:39-07:00,2,32
global.js,30,js,c104f06b,manissen,2025-10-15,14:11:39,-07:00,2025-10-15T14:11:39-07:00,2,21
global.js,31,js,21e8df37,manissen,2025-10-21,15:43:12,-07:00,2025-10-21T15:43:12-07:00,2,32
global.js,32,js,c104f06b,manissen,2025-10-15,14:11:39,-07:00,2025-10-15T14:11:39-07:00,0,1
global.js,33,js,c104f06b,manissen,2025-10-15,14:11:39,-07:00,2025-10-15T14:11:39-07:00,0,0
global.js,34,js,8e2ed2cc,manissen,2025-10-14,20:32:38,-07:00,2025-10-14T20:32:38-07:00,0,41
global.js,35,js,8e2ed2cc,manissen,2025-10-14,20:32:38,-07:00,2025-10-14T20:32:38-07:00,1,52
global.js,36,js,c104f06b,manissen,2025-10-15,14:11:39,-07:00,2025-10-15T14:11:39-07:00,0,0
global.js,37,js,c104f06b,manissen,2025-10-15,14:11:39,-07:00,2025-10-15T14:11:39-07:00,0,0
global.js,38,js,c104f06b,manissen,2025-10-15,14:11:39,-07:00,2025-10-15T14:11:39-07:00,0,15
global.js,39,js,c104f06b,manissen,2025-10-15,14:11:39,-07:00,2025-10-15T14:11:39-07:00,1,68
global.js,40,js,f4e9eee8,manissen,2025-10-17,20:36:41,-07:00,2025-10-17T20:36:41-07:00,2,3
global.js,41,js,f4e9eee8,manissen,2025-10-17,20:36:41,-07:00,2025-10-17T20:36:41-07:00,2,14
global.js,42,js,c104f06b,manissen,2025-10-15,14:11:39,-07:00,2025-10-15T14:11:39-07:00,0,0
global.js,43,js,c104f06b,manissen,2025-10-15,14:11:39,-07:00,2025-10-15T14:11:39-07:00,0,13
global.js,44,js,c104f06b,manissen,2025-10-15,14:11:39,-07:00,2025-10-15T14:11:39-07:00,1,25
global.js,45,js,c104f06b,manissen,2025-10-15,14:11:39,-07:00,2025-10-15T14:11:39-07:00,1,38
global.js,46,js,c104f06b,manissen,2025-10-15,14:11:39,-07:00,2025-10-15T14:11:39-07:00,1,36
global.js,47,js,c104f06b,manissen,2025-10-15,14:11:39,-07:00,2025-10-15T14:11:39-07:00,1,34
global.js,48,js,6e832d0a,manissen,2025-11-03,22:52:56,-08:00,2025-11-03T22:52:56-08:00,1,29
global.js,49,js,c104f06b,manissen,2025-10-15,14:11:39,-07:00,2025-10-15T14:11:39-07:00,1,55
global.js,50,js,c104f06b,manissen,2025-10-15,14:11:39,-07:00,2025-10-15T14:11:39-07:00,0,0
global.js,51,js,c104f06b,manissen,2025-10-15,14:11:39,-07:00,2025-10-15T14:11:39-07:00,0,0
global.js,52,js,c104f06b,manissen,2025-10-15,14:11:39,-07:00,2025-10-15T14:11:39-07:00,0,40
global.js,53,js,c104f06b,manissen,2025-10-15,14:11:39,-07:00,2025-10-15T14:11:39-07:00,0,25
global.js,54,js,c104f06b,manissen,2025-10-15,14:11:39,-07:00,2025-10-15T14:11:39-07:00,0,0
global.js,55,js,c104f06b,manissen,2025-10-15,14:11:39,-07:00,2025-10-15T14:11:39-07:00,0,20
global.js,56,js,c104f06b,manissen,2025-10-15,14:11:39,-07:00,2025-10-15T14:11:39-07:00,1,14
global.js,57,js,c104f06b,manissen,2025-10-15,14:11:39,-07:00,2025-10-15T14:11:39-07:00,0,0
global.js,58,js,c104f06b,manissen,2025-10-15,14:11:39,-07:00,2025-10-15T14:11:39-07:00,1,52
global.js,59,js,c104f06b,manissen,2025-10-15,14:11:39,-07:00,2025-10-15T14:11:39-07:00,2,20
global.js,60,js,c104f06b,manissen,2025-10-15,14:11:39,-07:00,2025-10-15T14:11:39-07:00,1,0
global.js,61,js,c104f06b,manissen,2025-10-15,14:11:39,-07:00,2025-10-15T14:11:39-07:00,0,0
global.js,62,js,c104f06b,manissen,2025-10-15,14:11:39,-07:00,2025-10-15T14:11:39-07:00,1,36
global.js,63,js,c104f06b,manissen,2025-10-15,14:11:39,-07:00,2025-10-15T14:11:39-07:00,1,11
global.js,64,js,c104f06b,manissen,2025-10-15,14:11:39,-07:00,2025-10-15T14:11:39-07:00,1,22
global.js,65,js,c104f06b,manissen,2025-10-15,14:11:39,-07:00,2025-10-15T14:11:39-07:00,0,0
global.js,66,js,c104f06b,manissen,2025-10-15,14:11:39,-07:00,2025-10-15T14:11:39-07:00,1,17
global.js,67,js,c104f06b,manissen,2025-10-15,14:11:39,-07:00,2025-10-15T14:11:39-07:00,2,8
global.js,68,js,c104f06b,manissen,2025-10-15,14:11:39,-07:00,2025-10-15T14:11:39-07:00,2,58
global.js,69,js,c104f06b,manissen,2025-10-15,14:11:39,-07:00,2025-10-15T14:11:39-07:00,1,0
global.js,70,js,c104f06b,manissen,2025-10-15,14:11:39,-07:00,2025-10-15T14:11:39-07:00,0,0
global.js,71,js,c104f06b,manissen,2025-10-15,14:11:39,-07:00,2025-10-15T14:11:39-07:00,1,29
global.js,72,js,c104f06b,manissen,2025-10-15,14:11:39,-07:00,2025-10-15T14:11:39-07:00,2,18
global.js,73,js,c104f06b,manissen,2025-10-15,14:11:39,-07:00,2025-10-15T14:11:39-07:00,1,0
global.js,74,js,c104f06b,manissen,2025-10-15,14:11:39,-07:00,2025-10-15T14:11:39-07:00,0,0
global.js,75,js,c104f06b,manissen,2025-10-15,14:11:39,-07:00,2025-10-15T14:11:39-07:00,1,17
global.js,76,js,c104f06b,manissen,2025-10-15,14:11:39,-07:00,2025-10-15T14:11:39-07:00,0,0
global.js,77,js,c104f06b,manissen,2025-10-15,14:11:39,-07:00,2025-10-15T14:11:39-07:00,0,0
global.js,78,js,c104f06b,manissen,2025-10-15,14:11:39,-07:00,2025-10-15T14:11:39-07:00,0,42
global.js,79,js,c104f06b,manissen,2025-10-15,14:11:39,-07:00,2025-10-15T14:11:39-07:00,0,39
global.js,80,js,21e8df37,manissen,2025-10-21,15:43:12,-07:00,2025-10-21T15:43:12-07:00,1,17
global.js,81,js,c104f06b,manissen,2025-10-15,14:11:39,-07:00,2025-10-15T14:11:39-07:00,0,0
global.js,82,js,c104f06b,manissen,2025-10-15,14:11:39,-07:00,2025-10-15T14:11:39-07:00,1,30
global.js,83,js,c104f06b,manissen,2025-10-15,14:11:39,-07:00,2025-10-15T14:11:39-07:00,1,35
global.js,84,js,c104f06b,manissen,2025-10-15,14:11:39,-07:00,2025-10-15T14:11:39-07:00,0,0
global.js,85,js,c104f06b,manissen,2025-10-15,14:11:39,-07:00,2025-10-15T14:11:39-07:00,1,31
global.js,86,js,c104f06b,manissen,2025-10-15,14:11:39,-07:00,2025-10-15T14:11:39-07:00,2,45
global.js,87,js,c104f06b,manissen,2025-10-15,14:11:39,-07:00,2025-10-15T14:11:39-07:00,1,0
global.js,88,js,c104f06b,manissen,2025-10-15,14:11:39,-07:00,2025-10-15T14:11:39-07:00,0,0
global.js,89,js,c104f06b,manissen,2025-10-15,14:11:39,-07:00,2025-10-15T14:11:39-07:00,1,48
global.js,90,js,21e8df37,manissen,2025-10-21,15:43:12,-07:00,2025-10-21T15:43:12-07:00,1,18
global.js,91,js,21e8df37,manissen,2025-10-21,15:43:12,-07:00,2025-10-21T15:43:12-07:00,0,1
global.js,92,js,21e8df37,manissen,2025-10-21,15:43:12,-07:00,2025-10-21T15:43:12-07:00,0,0
global.js,93,js,f8b4b27c,manissen,2025-10-29,15:06:34,-07:00,2025-10-29T15:06:34-07:00,0,10
global.js,94,js,21e8df37,manissen,2025-10-21,15:43:12,-07:00,2025-10-21T15:43:12-07:00,0,36
global.js,95,js,21e8df37,manissen,2025-10-21,15:43:12,-07:00,2025-10-21T15:43:12-07:00,1,3
global.js,96,js,21e8df37,manissen,2025-10-21,15:43:12,-07:00,2025-10-21T15:43:12-07:00,2,32
global.js,97,js,f8b4b27c,manissen,2025-10-29,15:06:34,-07:00,2025-10-29T15:06:34-07:00,2,17
global.js,98,js,f8b4b27c,manissen,2025-10-29,15:06:34,-07:00,2025-10-29T15:06:34-07:00,3,57
global.js,99,js,f8b4b27c,manissen,2025-10-29,15:06:34,-07:00,2025-10-29T15:06:34-07:00,2,0
global.js,100,js,f8b4b27c,manissen,2025-10-29,15:06:34,-07:00,2025-10-29T15:06:34-07:00,2,33
global.js,101,js,f8b4b27c,manissen,2025-10-29,15:06:34,-07:00,2025-10-29T15:06:34-07:00,2,10
global.js,102,js,21e8df37,manissen,2025-10-21,15:43:12,-07:00,2025-10-21T15:43:12-07:00,1,15
global.js,103,js,21e8df37,manissen,2025-10-21,15:43:12,-07:00,2025-10-21T15:43:12-07:00,2,59
global.js,104,js,21e8df37,manissen,2025-10-21,15:43:12,-07:00,2025-10-21T15:43:12-07:00,1,0
global.js,105,js,21e8df37,manissen,2025-10-21,15:43:12,-07:00,2025-10-21T15:43:12-07:00,0,0
global.js,106,js,21e8df37,manissen,2025-10-21,15:43:12,-07:00,2025-10-21T15:43:12-07:00,0,0
global.js,107,js,f5fce5e2,manissen,2025-11-12,22:38:43,-08:00,2025-11-12T22:38:43-08:00,0,79
global.js,108,js,f8b4b27c,manissen,2025-10-29,15:06:34,-07:00,2025-10-29T15:06:34-07:00,1,22
global.js,109,js,f8b4b27c,manissen,2025-10-29,15:06:34,-07:00,2025-10-29T15:06:34-07:00,2,42
global.js,110,js,21e8df37,manissen,2025-10-21,15:43:12,-07:00,2025-10-21T15:43:12-07:00,2,5
global.js,111,js,21e8df37,manissen,2025-10-21,15:43:12,-07:00,2025-10-21T15:43:12-07:00,1,0
global.js,112,js,21e8df37,manissen,2025-10-21,15:43:12,-07:00,2025-10-21T15:43:12-07:00,0,0
global.js,113,js,f8b4b27c,manissen,2025-10-29,15:06:34,-07:00,2025-10-29T15:06:34-07:00,1,30
global.js,114,js,f8b4b27c,manissen,2025-10-29,15:06:34,-07:00,2025-10-29T15:06:34-07:00,0,0
global.js,115,js,f8b4b27c,manissen,2025-10-29,15:06:34,-07:00,2025-10-29T15:06:34-07:00,1,39
global.js,116,js,f8b4b27c,manissen,2025-10-29,15:06:34,-07:00,2025-10-29T15:06:34-07:00,2,55
global.js,117,js,21e8df37,manissen,2025-10-21,15:43:12,-07:00,2025-10-21T15:43:12-07:00,2,5
global.js,118,js,21e8df37,manissen,2025-10-21,15:43:12,-07:00,2025-10-21T15:43:12-07:00,1,0
global.js,119,js,21e8df37,manissen,2025-10-21,15:43:12,-07:00,2025-10-21T15:43:12-07:00,0,0
global.js,120,js,f8b4b27c,manissen,2025-10-29,15:06:34,-07:00,2025-10-29T15:06:34-07:00,1,29
global.js,121,js,21e8df37,manissen,2025-10-21,15:43:12,-07:00,2025-10-21T15:43:12-07:00,2,48
global.js,122,js,51f20edf,manissen,2025-10-31,10:52:06,-07:00,2025-10-31T10:52:06-07:00,0,0
global.js,123,js,14bdc3dd,manissen,2025-11-12,22:47:42,-08:00,2025-11-12T22:47:42-08:00,2,22
global.js,124,js,14bdc3dd,manissen,2025-11-12,22:47:42,-08:00,2025-11-12T22:47:42-08:00,3,30
global.js,125,js,14bdc3dd,manissen,2025-11-12,22:47:42,-08:00,2025-11-12T22:47:42-08:00,4,41
global.js,126,js,14bdc3dd,manissen,2025-11-12,22:47:42,-08:00,2025-11-12T22:47:42-08:00,4,20
global.js,127,js,6bfa7ad0,manissen,2025-11-11,07:32:21,-08:00,2025-11-11T07:32:21-08:00,0,0
global.js,128,js,6bfa7ad0,manissen,2025-11-11,07:32:21,-08:00,2025-11-11T07:32:21-08:00,2,29
global.js,129,js,eff7fc5b,manissen,2025-11-14,21:06:27,-08:00,2025-11-14T21:06:27-08:00,3,81
global.js,130,js,6bfa7ad0,manissen,2025-11-11,07:32:21,-08:00,2025-11-11T07:32:21-08:00,3,3
global.js,131,js,51f20edf,manissen,2025-10-31,10:52:06,-07:00,2025-10-31T10:52:06-07:00,0,0
global.js,132,js,14bdc3dd,manissen,2025-11-12,22:47:42,-08:00,2025-11-12T22:47:42-08:00,2,46
global.js,133,js,14bdc3dd,manissen,2025-11-12,22:47:42,-08:00,2025-11-12T22:47:42-08:00,2,14
global.js,134,js,14bdc3dd,manissen,2025-11-12,22:47:42,-08:00,2025-11-12T22:47:42-08:00,2,18
global.js,135,js,14bdc3dd,manissen,2025-11-12,22:47:42,-08:00,2025-11-12T22:47:42-08:00,3,39
global.js,136,js,c287c668,manissen,2025-11-12,22:46:14,-08:00,2025-11-12T22:46:14-08:00,4,13
global.js,137,js,14bdc3dd,manissen,2025-11-12,22:47:42,-08:00,2025-11-12T22:47:42-08:00,4,76
global.js,138,js,c287c668,manissen,2025-11-12,22:46:14,-08:00,2025-11-12T22:46:14-08:00,2,0
global.js,139,js,c287c668,manissen,2025-11-12,22:46:14,-08:00,2025-11-12T22:46:14-08:00,0,0
global.js,140,js,3d407ff0,manissen,2025-11-12,22:36:03,-08:00,2025-11-12T22:36:03-08:00,2,19
global.js,141,js,f8b4b27c,manissen,2025-10-29,15:06:34,-07:00,2025-10-29T15:06:34-07:00,3,49
global.js,142,js,e5c66099,manissen,2025-10-29,15:41:40,-07:00,2025-10-29T15:41:40-07:00,3,22
global.js,143,js,14bdc3dd,manissen,2025-11-12,22:47:42,-08:00,2025-11-12T22:47:42-08:00,3,61
global.js,144,js,51f20edf,manissen,2025-10-31,10:52:06,-07:00,2025-10-31T10:52:06-07:00,3,24
global.js,145,js,6bfa7ad0,manissen,2025-11-11,07:32:21,-08:00,2025-11-11T07:32:21-08:00,3,12
global.js,146,js,21e8df37,manissen,2025-10-21,15:43:12,-07:00,2025-10-21T15:43:12-07:00,2,0
global.js,147,js,14bdc3dd,manissen,2025-11-12,22:47:42,-08:00,2025-11-12T22:47:42-08:00,0,0
global.js,148,js,21e8df37,manissen,2025-10-21,15:43:12,-07:00,2025-10-21T15:43:12-07:00,2,36
global.js,149,js,21e8df37,manissen,2025-10-21,15:43:12,-07:00,2025-10-21T15:43:12-07:00,1,1
global.js,150,js,21e8df37,manissen,2025-10-21,15:43:12,-07:00,2025-10-21T15:43:12-07:00,0,0
global.js,151,js,21e8df37,manissen,2025-10-21,15:43:12,-07:00,2025-10-21T15:43:12-07:00,0,0
global.js,152,js,f8b4b27c,manissen,2025-10-29,15:06:34,-07:00,2025-10-29T15:06:34-07:00,0,26
global.js,153,js,21e8df37,manissen,2025-10-21,15:43:12,-07:00,2025-10-21T15:43:12-07:00,0,47
global.js,154,js,21e8df37,manissen,2025-10-21,15:43:12,-07:00,2025-10-21T15:43:12-07:00,1,59
global.js,155,js,f8b4b27c,manissen,2025-10-29,15:06:34,-07:00,2025-10-29T15:06:34-07:00,0,0
sites/usp4-projects.js,1,js,6bfa7ad0,manissen,2025-11-11,07:32:21,-08:00,2025-11-11T07:32:21-08:00,0,54
sites/usp4-projects.js,2,js,6bfa7ad0,manissen,2025-11-11,07:32:21,-08:00,2025-11-11T07:32:21-08:00,0,40
sites/usp4-projects.js,3,js,6bfa7ad0,manissen,2025-11-11,07:32:21,-08:00,2025-11-11T07:32:21-08:00,0,62
sites/usp4-projects.js,4,js,6bfa7ad0,manissen,2025-11-11,07:32:21,-08:00,2025-11-11T07:32:21-08:00,0,62
sites/usp4-projects.js,5,js,6bfa7ad0,manissen,2025-11-11,07:32:21,-08:00,2025-11-11T07:32:21-08:00,0,19
sites/usp4-projects.js,6,js,6bfa7ad0,manissen,2025-11-11,07:32:21,-08:00,2025-11-11T07:32:21-08:00,0,0
sites/usp4-projects.js,7,js,6bfa7ad0,manissen,2025-11-11,07:32:21,-08:00,2025-11-11T07:32:21-08:00,0,25
sites/usp4-projects.js,8,js,6bfa7ad0,manissen,2025-11-11,07:32:21,-08:00,2025-11-11T07:32:21-08:00,1,57
sites/usp4-projects.js,9,js,6bfa7ad0,manissen,2025-11-11,07:32:21,-08:00,2025-11-11T07:32:21-08:00,1,68
sites/usp4-projects.js,10,js,6bfa7ad0,manissen,2025-11-11,07:32:21,-08:00,2025-11-11T07:32:21-08:00,0,0
sites/usp4-projects.js,11,js,6bfa7ad0,manissen,2025-11-11,07:32:21,-08:00,2025-11-11T07:32:21-08:00,0,0
sites/usp4-projects.js,12,js,6bfa7ad0,manissen,2025-11-11,07:32:21,-08:00,2025-11-11T07:32:21-08:00,0,42
sites/usp4-projects.js,13,js,6bfa7ad0,manissen,2025-11-11,07:32:21,-08:00,2025-11-11T07:32:21-08:00,1,51
sites/usp4-projects.js,14,js,6bfa7ad0,manissen,2025-11-11,07:32:21,-08:00,2025-11-11T07:32:21-08:00,1,15
sites/usp4-projects.js,15,js,6bfa7ad0,manissen,2025-11-11,07:32:21,-08:00,2025-11-11T07:32:21-08:00,0,1
sites/usp4-projects.js,16,js,6bfa7ad0,manissen,2025-11-11,07:32:21,-08:00,2025-11-11T07:32:21-08:00,0,0
sites/usp4-projects.js,17,js,6bfa7ad0,manissen,2025-11-11,07:32:21,-08:00,2025-11-11T07:32:21-08:00,0,42
sites/usp4-projects.js,18,js,6bfa7ad0,manissen,2025-11-11,07:32:21,-08:00,2025-11-11T07:32:21-08:00,1,35
sites/usp4-projects.js,19,js,6bfa7ad0,manissen,2025-11-11,07:32:21,-08:00,2025-11-11T07:32:21-08:00,1,15
sites/usp4-projects.js,20,js,6bfa7ad0,manissen,2025-11-11,07:32:21,-08:00,2025-11-11T07:32:21-08:00,0,1
sites/usp4-projects.js,21,js,6bfa7ad0,manissen,2025-11-11,07:32:21,-08:00,2025-11-11T07:32:21-08:00,0,0
sites/usp4-projects.js,22,js,6bfa7ad0,manissen,2025-11-11,07:32:21,-08:00,2025-11-11T07:32:21-08:00,0,48
sites/usp4-projects.html,1,html,6bfa7ad0,manissen,2025-11-11,07:32:21,-08:00,2025-11-11T07:32:21-08:00,0,13
sites/usp4-projects.html,2,html,6bfa7ad0,manissen,2025-11-11,07:32:21,-08:00,2025-11-11T07:32:21-08:00,0,14
sites/usp4-projects.html,3,html,6bfa7ad0,manissen,2025-11-11,07:32:21,-08:00,2025-11-11T07:32:21-08:00,0,4
sites/usp4-projects.html,4,html,6bfa7ad0,manissen,2025-11-11,07:32:21,-08:00,2025-11-11T07:32:21-08:00,2,20
sites/usp4-projects.html,5,html,6bfa7ad0,manissen,2025-11-11,07:32:21,-08:00,2025-11-11T07:32:21-08:00,2,68
sites/usp4-projects.html,6,html,6bfa7ad0,manissen,2025-11-11,07:32:21,-08:00,2025-11-11T07:32:21-08:00,2,41
sites/usp4-projects.html,7,html,6bfa7ad0,manissen,2025-11-11,07:32:21,-08:00,2025-11-11T07:32:21-08:00,2,48
sites/usp4-projects.html,8,html,6bfa7ad0,manissen,2025-11-11,07:32:21,-08:00,2025-11-11T07:32:21-08:00,2,52
sites/usp4-projects.html,9,html,6bfa7ad0,manissen,2025-11-11,07:32:21,-08:00,2025-11-11T07:32:21-08:00,2,27
sites/usp4-projects.html,10,html,6bfa7ad0,manissen,2025-11-11,07:32:21,-08:00,2025-11-11T07:32:21-08:00,0,5
sites/usp4-projects.html,11,html,6bfa7ad0,manissen,2025-11-11,07:32:21,-08:00,2025-11-11T07:32:21-08:00,0,4
sites/usp4-projects.html,12,html,6bfa7ad0,manissen,2025-11-11,07:32:21,-08:00,2025-11-11T07:32:21-08:00,2,21
sites/usp4-projects.html,13,html,6bfa7ad0,manissen,2025-11-11,07:32:21,-08:00,2025-11-11T07:32:21-08:00,2,19
sites/usp4-projects.html,14,html,6bfa7ad0,manissen,2025-11-11,07:32:21,-08:00,2025-11-11T07:32:21-08:00,4,6
sites/usp4-projects.html,15,html,6bfa7ad0,manissen,2025-11-11,07:32:21,-08:00,2025-11-11T07:32:21-08:00,5,72
sites/usp4-projects.html,16,html,6bfa7ad0,manissen,2025-11-11,07:32:21,-08:00,2025-11-11T07:32:21-08:00,5,73
sites/usp4-projects.html,17,html,6bfa7ad0,manissen,2025-11-11,07:32:21,-08:00,2025-11-11T07:32:21-08:00,4,7
sites/usp4-projects.html,18,html,6bfa7ad0,manissen,2025-11-11,07:32:21,-08:00,2025-11-11T07:32:21-08:00,2,0
sites/usp4-projects.html,19,html,6bfa7ad0,manissen,2025-11-11,07:32:21,-08:00,2025-11-11T07:32:21-08:00,4,6
sites/usp4-projects.html,20,html,6bfa7ad0,manissen,2025-11-11,07:32:21,-08:00,2025-11-11T07:32:21-08:00,5,88
sites/usp4-projects.html,21,html,6bfa7ad0,manissen,2025-11-11,07:32:21,-08:00,2025-11-11T07:32:21-08:00,5,73
sites/usp4-projects.html,22,html,6bfa7ad0,manissen,2025-11-11,07:32:21,-08:00,2025-11-11T07:32:21-08:00,4,7
sites/usp4-projects.html,23,html,6bfa7ad0,manissen,2025-11-11,07:32:21,-08:00,2025-11-11T07:32:21-08:00,2,0
sites/usp4-projects.html,24,html,6bfa7ad0,manissen,2025-11-11,07:32:21,-08:00,2025-11-11T07:32:21-08:00,4,6
sites/usp4-projects.html,25,html,6bfa7ad0,manissen,2025-11-11,07:32:21,-08:00,2025-11-11T07:32:21-08:00,5,83
sites/usp4-projects.html,26,html,6bfa7ad0,manissen,2025-11-11,07:32:21,-08:00,2025-11-11T07:32:21-08:00,5,66
sites/usp4-projects.html,27,html,6bfa7ad0,manissen,2025-11-11,07:32:21,-08:00,2025-11-11T07:32:21-08:00,4,7
sites/usp4-projects.html,28,html,6bfa7ad0,manissen,2025-11-11,07:32:21,-08:00,2025-11-11T07:32:21-08:00,2,0
sites/usp4-projects.html,29,html,6bfa7ad0,manissen,2025-11-11,07:32:21,-08:00,2025-11-11T07:32:21-08:00,4,6
sites/usp4-projects.html,30,html,6bfa7ad0,manissen,2025-11-11,07:32:21,-08:00,2025-11-11T07:32:21-08:00,5,88
sites/usp4-projects.html,31,html,6bfa7ad0,manissen,2025-11-11,07:32:21,-08:00,2025-11-11T07:32:21-08:00,5,64
sites/usp4-projects.html,32,html,6bfa7ad0,manissen,2025-11-11,07:32:21,-08:00,2025-11-11T07:32:21-08:00,4,7
sites/usp4-projects.html,33,html,6bfa7ad0,manissen,2025-11-11,07:32:21,-08:00,2025-11-11T07:32:21-08:00,0,0
sites/usp4-projects.html,34,html,6bfa7ad0,manissen,2025-11-11,07:32:21,-08:00,2025-11-11T07:32:21-08:00,4,6
sites/usp4-projects.html,35,html,6bfa7ad0,manissen,2025-11-11,07:32:21,-08:00,2025-11-11T07:32:21-08:00,6,86
sites/usp4-projects.html,36,html,6bfa7ad0,manissen,2025-11-11,07:32:21,-08:00,2025-11-11T07:32:21-08:00,6,62
sites/usp4-projects.html,37,html,6bfa7ad0,manissen,2025-11-11,07:32:21,-08:00,2025-11-11T07:32:21-08:00,4,7
sites/usp4-projects.html,38,html,6bfa7ad0,manissen,2025-11-11,07:32:21,-08:00,2025-11-11T07:32:21-08:00,0,0
sites/usp4-projects.html,39,html,6bfa7ad0,manissen,2025-11-11,07:32:21,-08:00,2025-11-11T07:32:21-08:00,4,6
sites/usp4-projects.html,40,html,6bfa7ad0,manissen,2025-11-11,07:32:21,-08:00,2025-11-11T07:32:21-08:00,6,94
sites/usp4-projects.html,41,html,6bfa7ad0,manissen,2025-11-11,07:32:21,-08:00,2025-11-11T07:32:21-08:00,6,69
sites/usp4-projects.html,42,html,6bfa7ad0,manissen,2025-11-11,07:32:21,-08:00,2025-11-11T07:32:21-08:00,4,7
sites/usp4-projects.html,43,html,6bfa7ad0,manissen,2025-11-11,07:32:21,-08:00,2025-11-11T07:32:21-08:00,3,4
sites/usp4-projects.html,44,html,6bfa7ad0,manissen,2025-11-11,07:32:21,-08:00,2025-11-11T07:32:21-08:00,2,0
sites/usp4-projects.html,45,html,6bfa7ad0,manissen,2025-11-11,07:32:21,-08:00,2025-11-11T07:32:21-08:00,3,39
sites/usp4-projects.html,46,html,6bfa7ad0,manissen,2025-11-11,07:32:21,-08:00,2025-11-11T07:32:21-08:00,3,30
sites/usp4-projects.html,47,html,6bfa7ad0,manissen,2025-11-11,07:32:21,-08:00,2025-11-11T07:32:21-08:00,4,39
sites/usp4-projects.html,48,html,6bfa7ad0,manissen,2025-11-11,07:32:21,-08:00,2025-11-11T07:32:21-08:00,4,52
sites/usp4-projects.html,49,html,6bfa7ad0,manissen,2025-11-11,07:32:21,-08:00,2025-11-11T07:32:21-08:00,4,19
sites/usp4-projects.html,50,html,6bfa7ad0,manissen,2025-11-11,07:32:21,-08:00,2025-11-11T07:32:21-08:00,5,66
sites/usp4-projects.html,51,html,6bfa7ad0,manissen,2025-11-11,07:32:21,-08:00,2025-11-11T07:32:21-08:00,5,117
sites/usp4-projects.html,52,html,6bfa7ad0,manissen,2025-11-11,07:32:21,-08:00,2025-11-11T07:32:21-08:00,4,4
sites/usp4-projects.html,53,html,6bfa7ad0,manissen,2025-11-11,07:32:21,-08:00,2025-11-11T07:32:21-08:00,3,4
sites/usp4-projects.html,54,html,6bfa7ad0,manissen,2025-11-11,07:32:21,-08:00,2025-11-11T07:32:21-08:00,2,0
sites/usp4-projects.html,55,html,6bfa7ad0,manissen,2025-11-11,07:32:21,-08:00,2025-11-11T07:32:21-08:00,3,30
sites/usp4-projects.html,56,html,6bfa7ad0,manissen,2025-11-11,07:32:21,-08:00,2025-11-11T07:32:21-08:00,4,39
sites/usp4-projects.html,57,html,6bfa7ad0,manissen,2025-11-11,07:32:21,-08:00,2025-11-11T07:32:21-08:00,4,68
sites/usp4-projects.html,58,html,6bfa7ad0,manissen,2025-11-11,07:32:21,-08:00,2025-11-11T07:32:21-08:00,4,19
sites/usp4-projects.html,59,html,6bfa7ad0,manissen,2025-11-11,07:32:21,-08:00,2025-11-11T07:32:21-08:00,5,66
sites/usp4-projects.html,60,html,6bfa7ad0,manissen,2025-11-11,07:32:21,-08:00,2025-11-11T07:32:21-08:00,5,111
sites/usp4-projects.html,61,html,6bfa7ad0,manissen,2025-11-11,07:32:21,-08:00,2025-11-11T07:32:21-08:00,4,4
sites/usp4-projects.html,62,html,6bfa7ad0,manissen,2025-11-11,07:32:21,-08:00,2025-11-11T07:32:21-08:00,3,4
sites/usp4-projects.html,63,html,6bfa7ad0,manissen,2025-11-11,07:32:21,-08:00,2025-11-11T07:32:21-08:00,2,0
sites/usp4-projects.html,64,html,6bfa7ad0,manissen,2025-11-11,07:32:21,-08:00,2025-11-11T07:32:21-08:00,3,30
sites/usp4-projects.html,65,html,6bfa7ad0,manissen,2025-11-11,07:32:21,-08:00,2025-11-11T07:32:21-08:00,4,39
sites/usp4-projects.html,66,html,6bfa7ad0,manissen,2025-11-11,07:32:21,-08:00,2025-11-11T07:32:21-08:00,4,63
sites/usp4-projects.html,67,html,6bfa7ad0,manissen,2025-11-11,07:32:21,-08:00,2025-11-11T07:32:21-08:00,4,19
sites/usp4-projects.html,68,html,6bfa7ad0,manissen,2025-11-11,07:32:21,-08:00,2025-11-11T07:32:21-08:00,5,59
sites/usp4-projects.html,69,html,6bfa7ad0,manissen,2025-11-11,07:32:21,-08:00,2025-11-11T07:32:21-08:00,5,114
sites/usp4-projects.html,70,html,6bfa7ad0,manissen,2025-11-11,07:32:21,-08:00,2025-11-11T07:32:21-08:00,4,4
sites/usp4-projects.html,71,html,6bfa7ad0,manissen,2025-11-11,07:32:21,-08:00,2025-11-11T07:32:21-08:00,3,4
sites/usp4-projects.html,72,html,6bfa7ad0,manissen,2025-11-11,07:32:21,-08:00,2025-11-11T07:32:21-08:00,2,0
sites/usp4-projects.html,73,html,6bfa7ad0,manissen,2025-11-11,07:32:21,-08:00,2025-11-11T07:32:21-08:00,3,30
sites/usp4-projects.html,74,html,6bfa7ad0,manissen,2025-11-11,07:32:21,-08:00,2025-11-11T07:32:21-08:00,4,39
sites/usp4-projects.html,75,html,6bfa7ad0,manissen,2025-11-11,07:32:21,-08:00,2025-11-11T07:32:21-08:00,4,68
sites/usp4-projects.html,76,html,6bfa7ad0,manissen,2025-11-11,07:32:21,-08:00,2025-11-11T07:32:21-08:00,4,19
sites/usp4-projects.html,77,html,6bfa7ad0,manissen,2025-11-11,07:32:21,-08:00,2025-11-11T07:32:21-08:00,5,57
sites/usp4-projects.html,78,html,6bfa7ad0,manissen,2025-11-11,07:32:21,-08:00,2025-11-11T07:32:21-08:00,5,68
sites/usp4-projects.html,79,html,6bfa7ad0,manissen,2025-11-11,07:32:21,-08:00,2025-11-11T07:32:21-08:00,4,4
sites/usp4-projects.html,80,html,6bfa7ad0,manissen,2025-11-11,07:32:21,-08:00,2025-11-11T07:32:21-08:00,3,4
sites/usp4-projects.html,81,html,6bfa7ad0,manissen,2025-11-11,07:32:21,-08:00,2025-11-11T07:32:21-08:00,0,0
sites/usp4-projects.html,82,html,6bfa7ad0,manissen,2025-11-11,07:32:21,-08:00,2025-11-11T07:32:21-08:00,3,30
sites/usp4-projects.html,83,html,6bfa7ad0,manissen,2025-11-11,07:32:21,-08:00,2025-11-11T07:32:21-08:00,4,39
sites/usp4-projects.html,84,html,6bfa7ad0,manissen,2025-11-11,07:32:21,-08:00,2025-11-11T07:32:21-08:00,4,66
sites/usp4-projects.html,85,html,6bfa7ad0,manissen,2025-11-11,07:32:21,-08:00,2025-11-11T07:32:21-08:00,4,19
sites/usp4-projects.html,86,html,6bfa7ad0,manissen,2025-11-11,07:32:21,-08:00,2025-11-11T07:32:21-08:00,5,55
sites/usp4-projects.html,87,html,6bfa7ad0,manissen,2025-11-11,07:32:21,-08:00,2025-11-11T07:32:21-08:00,5,88
sites/usp4-projects.html,88,html,6bfa7ad0,manissen,2025-11-11,07:32:21,-08:00,2025-11-11T07:32:21-08:00,4,4
sites/usp4-projects.html,89,html,6bfa7ad0,manissen,2025-11-11,07:32:21,-08:00,2025-11-11T07:32:21-08:00,3,4
sites/usp4-projects.html,90,html,6bfa7ad0,manissen,2025-11-11,07:32:21,-08:00,2025-11-11T07:32:21-08:00,0,0
sites/usp4-projects.html,91,html,6bfa7ad0,manissen,2025-11-11,07:32:21,-08:00,2025-11-11T07:32:21-08:00,3,30
sites/usp4-projects.html,92,html,6bfa7ad0,manissen,2025-11-11,07:32:21,-08:00,2025-11-11T07:32:21-08:00,4,39
sites/usp4-projects.html,93,html,6bfa7ad0,manissen,2025-11-11,07:32:21,-08:00,2025-11-11T07:32:21-08:00,4,74
sites/usp4-projects.html,94,html,6bfa7ad0,manissen,2025-11-11,07:32:21,-08:00,2025-11-11T07:32:21-08:00,4,19
sites/usp4-projects.html,95,html,6bfa7ad0,manissen,2025-11-11,07:32:21,-08:00,2025-11-11T07:32:21-08:00,5,62
sites/usp4-projects.html,96,html,6bfa7ad0,manissen,2025-11-11,07:32:21,-08:00,2025-11-11T07:32:21-08:00,5,120
sites/usp4-projects.html,97,html,6bfa7ad0,manissen,2025-11-11,07:32:21,-08:00,2025-11-11T07:32:21-08:00,4,4
sites/usp4-projects.html,98,html,6bfa7ad0,manissen,2025-11-11,07:32:21,-08:00,2025-11-11T07:32:21-08:00,3,4
sites/usp4-projects.html,99,html,6bfa7ad0,manissen,2025-11-11,07:32:21,-08:00,2025-11-11T07:32:21-08:00,0,5
sites/usp4-projects.html,100,html,6bfa7ad0,manissen,2025-11-11,07:32:21,-08:00,2025-11-11T07:32:21-08:00,0,5
resume/index.html,1,html,b7e89a75,manissen,2025-10-01,23:28:46,-07:00,2025-10-01T23:28:46-07:00,0,13
resume/index.html,2,html,b7e89a75,manissen,2025-10-01,23:28:46,-07:00,2025-10-01T23:28:46-07:00,0,14
resume/index.html,3,html,b7e89a75,manissen,2025-10-01,23:28:46,-07:00,2025-10-01T23:28:46-07:00,0,4
resume/index.html,4,html,b7e89a75,manissen,2025-10-01,23:28:46,-07:00,2025-10-01T23:28:46-07:00,2,20
resume/index.html,5,html,b7e89a75,manissen,2025-10-01,23:28:46,-07:00,2025-10-01T23:28:46-07:00,2,68
resume/index.html,6,html,b7e89a75,manissen,2025-10-01,23:28:46,-07:00,2025-10-01T23:28:46-07:00,2,19
resume/index.html,7,html,58656219,manissen,2025-10-05,15:18:50,-07:00,2025-10-05T15:18:50-07:00,2,41
resume/index.html,8,html,c104f06b,manissen,2025-10-15,14:11:39,-07:00,2025-10-15T14:11:39-07:00,2,48
resume/index.html,9,html,b7e89a75,manissen,2025-10-01,23:28:46,-07:00,2025-10-01T23:28:46-07:00,0,5
resume/index.html,10,html,b7e89a75,manissen,2025-10-01,23:28:46,-07:00,2025-10-01T23:28:46-07:00,0,4
resume/index.html,11,html,f0c23924,manissen,2025-10-07,22:47:51,-07:00,2025-10-07T22:47:51-07:00,2,20
resume/index.html,12,html,00c585d6,manissen,2025-10-01,23:50:47,-07:00,2025-10-01T23:50:47-07:00,0,0
resume/index.html,13,html,00c585d6,manissen,2025-10-01,23:50:47,-07:00,2025-10-01T23:50:47-07:00,2,21
resume/index.html,14,html,00c585d6,manissen,2025-10-01,23:50:47,-07:00,2025-10-01T23:50:47-07:00,2,7
resume/index.html,15,html,00c585d6,manissen,2025-10-01,23:50:47,-07:00,2025-10-01T23:50:47-07:00,4,6
resume/index.html,16,html,00c585d6,manissen,2025-10-01,23:50:47,-07:00,2025-10-01T23:50:47-07:00,5,23
resume/index.html,17,html,00c585d6,manissen,2025-10-01,23:50:47,-07:00,2025-10-01T23:50:47-07:00,4,7
resume/index.html,18,html,00c585d6,manissen,2025-10-01,23:50:47,-07:00,2025-10-01T23:50:47-07:00,4,2
resume/index.html,19,html,00c585d6,manissen,2025-10-01,23:50:47,-07:00,2025-10-01T23:50:47-07:00,5,102
resume/index.html,20,html,00c585d6,manissen,2025-10-01,23:50:47,-07:00,2025-10-01T23:50:47-07:00,5,50
resume/index.html,21,html,00c585d6,manissen,2025-10-01,23:50:47,-07:00,2025-10-01T23:50:47-07:00,5,73
resume/index.html,22,html,00c585d6,manissen,2025-10-01,23:50:47,-07:00,2025-10-01T23:50:47-07:00,4,3
resume/index.html,23,html,00c585d6,manissen,2025-10-01,23:50:47,-07:00,2025-10-01T23:50:47-07:00,3,8
resume/index.html,24,html,00c585d6,manissen,2025-10-01,23:50:47,-07:00,2025-10-01T23:50:47-07:00,0,0
resume/index.html,25,html,00c585d6,manissen,2025-10-01,23:50:47,-07:00,2025-10-01T23:50:47-07:00,2,24
resume/index.html,26,html,00c585d6,manissen,2025-10-01,23:50:47,-07:00,2025-10-01T23:50:47-07:00,2,7
resume/index.html,27,html,00c585d6,manissen,2025-10-01,23:50:47,-07:00,2025-10-01T23:50:47-07:00,4,6
resume/index.html,28,html,00c585d6,manissen,2025-10-01,23:50:47,-07:00,2025-10-01T23:50:47-07:00,5,16
resume/index.html,29,html,00c585d6,manissen,2025-10-01,23:50:47,-07:00,2025-10-01T23:50:47-07:00,4,7
resume/index.html,30,html,00c585d6,manissen,2025-10-01,23:50:47,-07:00,2025-10-01T23:50:47-07:00,4,7
resume/index.html,31,html,00c585d6,manissen,2025-10-01,23:50:47,-07:00,2025-10-01T23:50:47-07:00,5,83
resume/index.html,32,html,eff7fc5b,manissen,2025-11-14,21:06:27,-08:00,2025-11-14T21:06:27-08:00,5,57
resume/index.html,33,html,00c585d6,manissen,2025-10-01,23:50:47,-07:00,2025-10-01T23:50:47-07:00,5,26
resume/index.html,34,html,00c585d6,manissen,2025-10-01,23:50:47,-07:00,2025-10-01T23:50:47-07:00,5,227
resume/index.html,35,html,00c585d6,manissen,2025-10-01,23:50:47,-07:00,2025-10-01T23:50:47-07:00,4,8
resume/index.html,36,html,00c585d6,manissen,2025-10-01,23:50:47,-07:00,2025-10-01T23:50:47-07:00,3,8
resume/index.html,37,html,00c585d6,manissen,2025-10-01,23:50:47,-07:00,2025-10-01T23:50:47-07:00,1,0
resume/index.html,38,html,00c585d6,manissen,2025-10-01,23:50:47,-07:00,2025-10-01T23:50:47-07:00,2,33
resume/index.html,39,html,00c585d6,manissen,2025-10-01,23:50:47,-07:00,2025-10-01T23:50:47-07:00,2,7
resume/index.html,40,html,00c585d6,manissen,2025-10-01,23:50:47,-07:00,2025-10-01T23:50:47-07:00,4,6
resume/index.html,41,html,00c585d6,manissen,2025-10-01,23:50:47,-07:00,2025-10-01T23:50:47-07:00,6,25
resume/index.html,42,html,00c585d6,manissen,2025-10-01,23:50:47,-07:00,2025-10-01T23:50:47-07:00,4,7
resume/index.html,43,html,00c585d6,manissen,2025-10-01,23:50:47,-07:00,2025-10-01T23:50:47-07:00,4,7
resume/index.html,44,html,00c585d6,manissen,2025-10-01,23:50:47,-07:00,2025-10-01T23:50:47-07:00,6,89
resume/index.html,45,html,00c585d6,manissen,2025-10-01,23:50:47,-07:00,2025-10-01T23:50:47-07:00,6,88
resume/index.html,46,html,00c585d6,manissen,2025-10-01,23:50:47,-07:00,2025-10-01T23:50:47-07:00,6,2
resume/index.html,47,html,00c585d6,manissen,2025-10-01,23:50:47,-07:00,2025-10-01T23:50:47-07:00,8,135
resume/index.html,48,html,00c585d6,manissen,2025-10-01,23:50:47,-07:00,2025-10-01T23:50:47-07:00,8,81
resume/index.html,49,html,00c585d6,manissen,2025-10-01,23:50:47,-07:00,2025-10-01T23:50:47-07:00,8,71
resume/index.html,50,html,00c585d6,manissen,2025-10-01,23:50:47,-07:00,2025-10-01T23:50:47-07:00,6,3
resume/index.html,51,html,00c585d6,manissen,2025-10-01,23:50:47,-07:00,2025-10-01T23:50:47-07:00,4,8
resume/index.html,52,html,f0c23924,manissen,2025-10-07,22:47:51,-07:00,2025-10-07T22:47:51-07:00,2,8
resume/index.html,53,html,00c585d6,manissen,2025-10-01,23:50:47,-07:00,2025-10-01T23:50:47-07:00,1,0
resume/index.html,54,html,00c585d6,manissen,2025-10-01,23:50:47,-07:00,2025-10-01T23:50:47-07:00,2,33
resume/index.html,55,html,00c585d6,manissen,2025-10-01,23:50:47,-07:00,2025-10-01T23:50:47-07:00,2,7
resume/index.html,56,html,00c585d6,manissen,2025-10-01,23:50:47,-07:00,2025-10-01T23:50:47-07:00,4,6
resume/index.html,57,html,00c585d6,manissen,2025-10-01,23:50:47,-07:00,2025-10-01T23:50:47-07:00,6,25
resume/index.html,58,html,00c585d6,manissen,2025-10-01,23:50:47,-07:00,2025-10-01T23:50:47-07:00,4,7
resume/index.html,59,html,00c585d6,manissen,2025-10-01,23:50:47,-07:00,2025-10-01T23:50:47-07:00,4,7
resume/index.html,60,html,00c585d6,manissen,2025-10-01,23:50:47,-07:00,2025-10-01T23:50:47-07:00,6,51
resume/index.html,61,html,00c585d6,manissen,2025-10-01,23:50:47,-07:00,2025-10-01T23:50:47-07:00,6,88
resume/index.html,62,html,00c585d6,manissen,2025-10-01,23:50:47,-07:00,2025-10-01T23:50:47-07:00,6,2
resume/index.html,63,html,00c585d6,manissen,2025-10-01,23:50:47,-07:00,2025-10-01T23:50:47-07:00,8,130
resume/index.html,64,html,00c585d6,manissen,2025-10-01,23:50:47,-07:00,2025-10-01T23:50:47-07:00,8,110
resume/index.html,65,html,00c585d6,manissen,2025-10-01,23:50:47,-07:00,2025-10-01T23:50:47-07:00,8,141
resume/index.html,66,html,00c585d6,manissen,2025-10-01,23:50:47,-07:00,2025-10-01T23:50:47-07:00,6,3
resume/index.html,67,html,00c585d6,manissen,2025-10-01,23:50:47,-07:00,2025-10-01T23:50:47-07:00,6,101
resume/index.html,68,html,00c585d6,manissen,2025-10-01,23:50:47,-07:00,2025-10-01T23:50:47-07:00,4,8
resume/index.html,69,html,00c585d6,manissen,2025-10-01,23:50:47,-07:00,2025-10-01T23:50:47-07:00,4,7
resume/index.html,70,html,00c585d6,manissen,2025-10-01,23:50:47,-07:00,2025-10-01T23:50:47-07:00,6,53
resume/index.html,71,html,c104f06b,manissen,2025-10-15,14:11:39,-07:00,2025-10-15T14:11:39-07:00,6,88
resume/index.html,72,html,00c585d6,manissen,2025-10-01,23:50:47,-07:00,2025-10-01T23:50:47-07:00,6,2
resume/index.html,73,html,00c585d6,manissen,2025-10-01,23:50:47,-07:00,2025-10-01T23:50:47-07:00,8,111
resume/index.html,74,html,00c585d6,manissen,2025-10-01,23:50:47,-07:00,2025-10-01T23:50:47-07:00,8,107
resume/index.html,75,html,00c585d6,manissen,2025-10-01,23:50:47,-07:00,2025-10-01T23:50:47-07:00,6,3
resume/index.html,76,html,00c585d6,manissen,2025-10-01,23:50:47,-07:00,2025-10-01T23:50:47-07:00,4,8
resume/index.html,77,html,00c585d6,manissen,2025-10-01,23:50:47,-07:00,2025-10-01T23:50:47-07:00,2,8
resume/index.html,78,html,00c585d6,manissen,2025-10-01,23:50:47,-07:00,2025-10-01T23:50:47-07:00,0,0
resume/index.html,79,html,00c585d6,manissen,2025-10-01,23:50:47,-07:00,2025-10-01T23:50:47-07:00,2,30
resume/index.html,80,html,00c585d6,manissen,2025-10-01,23:50:47,-07:00,2025-10-01T23:50:47-07:00,2,7
resume/index.html,81,html,00c585d6,manissen,2025-10-01,23:50:47,-07:00,2025-10-01T23:50:47-07:00,4,6
resume/index.html,82,html,00c585d6,manissen,2025-10-01,23:50:47,-07:00,2025-10-01T23:50:47-07:00,6,22
resume/index.html,83,html,00c585d6,manissen,2025-10-01,23:50:47,-07:00,2025-10-01T23:50:47-07:00,4,7
resume/index.html,84,html,00c585d6,manissen,2025-10-01,23:50:47,-07:00,2025-10-01T23:50:47-07:00,4,7
resume/index.html,85,html,00c585d6,manissen,2025-10-01,23:50:47,-07:00,2025-10-01T23:50:47-07:00,6,80
resume/index.html,86,html,00c585d6,manissen,2025-10-01,23:50:47,-07:00,2025-10-01T23:50:47-07:00,6,55
resume/index.html,87,html,00c585d6,manissen,2025-10-01,23:50:47,-07:00,2025-10-01T23:50:47-07:00,6,2
resume/index.html,88,html,00c585d6,manissen,2025-10-01,23:50:47,-07:00,2025-10-01T23:50:47-07:00,8,127
resume/index.html,89,html,00c585d6,manissen,2025-10-01,23:50:47,-07:00,2025-10-01T23:50:47-07:00,6,3
resume/index.html,90,html,00c585d6,manissen,2025-10-01,23:50:47,-07:00,2025-10-01T23:50:47-07:00,4,8
resume/index.html,91,html,00c585d6,manissen,2025-10-01,23:50:47,-07:00,2025-10-01T23:50:47-07:00,2,8
resume/index.html,92,html,00c585d6,manissen,2025-10-01,23:50:47,-07:00,2025-10-01T23:50:47-07:00,0,0
resume/index.html,93,html,00c585d6,manissen,2025-10-01,23:50:47,-07:00,2025-10-01T23:50:47-07:00,2,36
resume/index.html,94,html,00c585d6,manissen,2025-10-01,23:50:47,-07:00,2025-10-01T23:50:47-07:00,2,7
resume/index.html,95,html,00c585d6,manissen,2025-10-01,23:50:47,-07:00,2025-10-01T23:50:47-07:00,4,6
resume/index.html,96,html,00c585d6,manissen,2025-10-01,23:50:47,-07:00,2025-10-01T23:50:47-07:00,6,28
resume/index.html,97,html,00c585d6,manissen,2025-10-01,23:50:47,-07:00,2025-10-01T23:50:47-07:00,4,7
resume/index.html,98,html,00c585d6,manissen,2025-10-01,23:50:47,-07:00,2025-10-01T23:50:47-07:00,4,7
resume/index.html,99,html,00c585d6,manissen,2025-10-01,23:50:47,-07:00,2025-10-01T23:50:47-07:00,6,76
resume/index.html,100,html,eff7fc5b,manissen,2025-11-14,21:06:27,-08:00,2025-11-14T21:06:27-08:00,6,55
resume/index.html,101,html,00c585d6,manissen,2025-10-01,23:50:47,-07:00,2025-10-01T23:50:47-07:00,6,2
resume/index.html,102,html,00c585d6,manissen,2025-10-01,23:50:47,-07:00,2025-10-01T23:50:47-07:00,8,67
resume/index.html,103,html,00c585d6,manissen,2025-10-01,23:50:47,-07:00,2025-10-01T23:50:47-07:00,6,3
resume/index.html,104,html,00c585d6,manissen,2025-10-01,23:50:47,-07:00,2025-10-01T23:50:47-07:00,4,8
resume/index.html,105,html,00c585d6,manissen,2025-10-01,23:50:47,-07:00,2025-10-01T23:50:47-07:00,4,7
resume/index.html,106,html,00c585d6,manissen,2025-10-01,23:50:47,-07:00,2025-10-01T23:50:47-07:00,6,95
resume/index.html,107,html,eff7fc5b,manissen,2025-11-14,21:06:27,-08:00,2025-11-14T21:06:27-08:00,6,45
resume/index.html,108,html,00c585d6,manissen,2025-10-01,23:50:47,-07:00,2025-10-01T23:50:47-07:00,6,2
resume/index.html,109,html,00c585d6,manissen,2025-10-01,23:50:47,-07:00,2025-10-01T23:50:47-07:00,8,77
resume/index.html,110,html,00c585d6,manissen,2025-10-01,23:50:47,-07:00,2025-10-01T23:50:47-07:00,6,3
resume/index.html,111,html,00c585d6,manissen,2025-10-01,23:50:47,-07:00,2025-10-01T23:50:47-07:00,4,8
resume/index.html,112,html,00c585d6,manissen,2025-10-01,23:50:47,-07:00,2025-10-01T23:50:47-07:00,2,8
resume/index.html,113,html,00c585d6,manissen,2025-10-01,23:50:47,-07:00,2025-10-01T23:50:47-07:00,2,0
resume/index.html,114,html,b7e89a75,manissen,2025-10-01,23:28:46,-07:00,2025-10-01T23:28:46-07:00,0,5
resume/index.html,115,html,b7e89a75,manissen,2025-10-01,23:28:46,-07:00,2025-10-01T23:28:46-07:00,0,5
projects/projects.js,1,js,f8b4b27c,manissen,2025-10-29,15:06:34,-07:00,2025-10-29T15:06:34-07:00,0,21
projects/projects.js,2,js,f8b4b27c,manissen,2025-10-29,15:06:34,-07:00,2025-10-29T15:06:34-07:00,0,55
projects/projects.js,3,js,7a431203,manissen,2025-10-29,16:24:49,-07:00,2025-10-29T16:24:49-07:00,0,63
projects/projects.js,4,js,21e8df37,manissen,2025-10-21,15:43:12,-07:00,2025-10-21T15:43:12-07:00,0,0
projects/projects.js,5,js,f8b4b27c,manissen,2025-10-29,15:06:34,-07:00,2025-10-29T15:06:34-07:00,0,55
projects/projects.js,6,js,f8b4b27c,manissen,2025-10-29,15:06:34,-07:00,2025-10-29T15:06:34-07:00,0,60
projects/projects.js,7,js,7a431203,manissen,2025-10-29,16:24:49,-07:00,2025-10-29T16:24:49-07:00,0,0
projects/projects.js,8,js,7a431203,manissen,2025-10-29,16:24:49,-07:00,2025-10-29T16:24:49-07:00,0,31
projects/projects.js,9,js,f8b4b27c,manissen,2025-10-29,15:06:34,-07:00,2025-10-29T15:06:34-07:00,0,48
projects/projects.js,10,js,21e8df37,manissen,2025-10-21,15:43:12,-07:00,2025-10-21T15:43:12-07:00,0,0
projects/projects.js,11,js,7a431203,manissen,2025-10-29,16:24:49,-07:00,2025-10-29T16:24:49-07:00,0,21
projects/projects.js,12,js,f8b4b27c,manissen,2025-10-29,15:06:34,-07:00,2025-10-29T15:06:34-07:00,0,56
projects/projects.js,13,js,f8b4b27c,manissen,2025-10-29,15:06:34,-07:00,2025-10-29T15:06:34-07:00,0,12
projects/projects.js,14,js,f8b4b27c,manissen,2025-10-29,15:06:34,-07:00,2025-10-29T15:06:34-07:00,1,52
projects/projects.js,15,js,21e8df37,manissen,2025-10-21,15:43:12,-07:00,2025-10-21T15:43:12-07:00,0,0
projects/projects.js,16,js,7a431203,manissen,2025-10-29,16:24:49,-07:00,2025-10-29T16:24:49-07:00,0,0
projects/projects.js,17,js,845de82b,manissen,2025-10-31,13:42:15,-07:00,2025-10-31T13:42:15-07:00,0,21
projects/projects.js,18,js,7a431203,manissen,2025-10-29,16:24:49,-07:00,2025-10-29T16:24:49-07:00,0,13
projects/projects.js,19,js,7a431203,manissen,2025-10-29,16:24:49,-07:00,2025-10-29T16:24:49-07:00,0,21
projects/projects.js,20,js,7a431203,manissen,2025-10-29,16:24:49,-07:00,2025-10-29T16:24:49-07:00,0,0
projects/projects.js,21,js,845de82b,manissen,2025-10-31,13:42:15,-07:00,2025-10-31T13:42:15-07:00,0,23
projects/projects.js,22,js,845de82b,manissen,2025-10-31,13:42:15,-07:00,2025-10-31T13:42:15-07:00,0,48
projects/projects.js,23,js,845de82b,manissen,2025-10-31,13:42:15,-07:00,2025-10-31T13:42:15-07:00,0,23
projects/projects.js,24,js,7a431203,manissen,2025-10-29,16:24:49,-07:00,2025-10-29T16:24:49-07:00,0,0
projects/projects.js,25,js,845de82b,manissen,2025-10-31,13:42:15,-07:00,2025-10-31T13:42:15-07:00,0,19
projects/projects.js,26,js,845de82b,manissen,2025-10-31,13:42:15,-07:00,2025-10-31T13:42:15-07:00,0,55
projects/projects.js,27,js,845de82b,manissen,2025-10-31,13:42:15,-07:00,2025-10-31T13:42:15-07:00,0,48
projects/projects.js,28,js,845de82b,manissen,2025-10-31,13:42:15,-07:00,2025-10-31T13:42:15-07:00,1,25
projects/projects.js,29,js,845de82b,manissen,2025-10-31,13:42:15,-07:00,2025-10-31T13:42:15-07:00,1,37
projects/projects.js,30,js,845de82b,manissen,2025-10-31,13:42:15,-07:00,2025-10-31T13:42:15-07:00,1,48
projects/projects.js,31,js,845de82b,manissen,2025-10-31,13:42:15,-07:00,2025-10-31T13:42:15-07:00,1,23
projects/projects.js,32,js,845de82b,manissen,2025-10-31,13:42:15,-07:00,2025-10-31T13:42:15-07:00,0,1
projects/projects.js,33,js,7a431203,manissen,2025-10-29,16:24:49,-07:00,2025-10-29T16:24:49-07:00,0,0
projects/projects.js,34,js,845de82b,manissen,2025-10-31,13:42:15,-07:00,2025-10-31T13:42:15-07:00,0,49
projects/projects.js,35,js,845de82b,manissen,2025-10-31,13:42:15,-07:00,2025-10-31T13:42:15-07:00,0,30
projects/projects.js,36,js,845de82b,manissen,2025-10-31,13:42:15,-07:00,2025-10-31T13:42:15-07:00,1,29
projects/projects.js,37,js,845de82b,manissen,2025-10-31,13:42:15,-07:00,2025-10-31T13:42:15-07:00,2,35
projects/projects.js,38,js,845de82b,manissen,2025-10-31,13:42:15,-07:00,2025-10-31T13:42:15-07:00,3,9
projects/projects.js,39,js,845de82b,manissen,2025-10-31,13:42:15,-07:00,2025-10-31T13:42:15-07:00,3,12
projects/projects.js,40,js,845de82b,manissen,2025-10-31,13:42:15,-07:00,2025-10-31T13:42:15-07:00,3,29
projects/projects.js,41,js,845de82b,manissen,2025-10-31,13:42:15,-07:00,2025-10-31T13:42:15-07:00,2,18
projects/projects.js,42,js,7a431203,manissen,2025-10-29,16:24:49,-07:00,2025-10-29T16:24:49-07:00,1,1
projects/projects.js,43,js,7a431203,manissen,2025-10-29,16:24:49,-07:00,2025-10-29T16:24:49-07:00,0,0
projects/projects.js,44,js,7a431203,manissen,2025-10-29,16:24:49,-07:00,2025-10-29T16:24:49-07:00,0,0
projects/projects.js,45,js,845de82b,manissen,2025-10-31,13:42:15,-07:00,2025-10-31T13:42:15-07:00,0,28
projects/projects.js,46,js,845de82b,manissen,2025-10-31,13:42:15,-07:00,2025-10-31T13:42:15-07:00,0,38
projects/projects.js,47,js,7a431203,manissen,2025-10-29,16:24:49,-07:00,2025-10-29T16:24:49-07:00,1,27
projects/projects.js,48,js,845de82b,manissen,2025-10-31,13:42:15,-07:00,2025-10-31T13:42:15-07:00,1,50
projects/projects.js,49,js,845de82b,manissen,2025-10-31,13:42:15,-07:00,2025-10-31T13:42:15-07:00,0,0
projects/projects.js,50,js,845de82b,manissen,2025-10-31,13:42:15,-07:00,2025-10-31T13:42:15-07:00,1,27
projects/projects.js,51,js,845de82b,manissen,2025-10-31,13:42:15,-07:00,2025-10-31T13:42:15-07:00,1,75
projects/projects.js,52,js,845de82b,manissen,2025-10-31,13:42:15,-07:00,2025-10-31T13:42:15-07:00,1,64
projects/projects.js,53,js,845de82b,manissen,2025-10-31,13:42:15,-07:00,2025-10-31T13:42:15-07:00,0,0
projects/projects.js,54,js,845de82b,manissen,2025-10-31,13:42:15,-07:00,2025-10-31T13:42:15-07:00,1,16
projects/projects.js,55,js,845de82b,manissen,2025-10-31,13:42:15,-07:00,2025-10-31T13:42:15-07:00,1,23
projects/projects.js,56,js,845de82b,manissen,2025-10-31,13:42:15,-07:00,2025-10-31T13:42:15-07:00,1,48
projects/projects.js,57,js,845de82b,manissen,2025-10-31,13:42:15,-07:00,2025-10-31T13:42:15-07:00,1,41
projects/projects.js,58,js,845de82b,manissen,2025-10-31,13:42:15,-07:00,2025-10-31T13:42:15-07:00,1,54
projects/projects.js,59,js,845de82b,manissen,2025-10-31,13:42:15,-07:00,2025-10-31T13:42:15-07:00,0,0
projects/projects.js,60,js,845de82b,manissen,2025-10-31,13:42:15,-07:00,2025-10-31T13:42:15-07:00,1,21
projects/projects.js,61,js,845de82b,manissen,2025-10-31,13:42:15,-07:00,2025-10-31T13:42:15-07:00,0,0
projects/projects.js,62,js,845de82b,manissen,2025-10-31,13:42:15,-07:00,2025-10-31T13:42:15-07:00,1,52
projects/projects.js,63,js,845de82b,manissen,2025-10-31,13:42:15,-07:00,2025-10-31T13:42:15-07:00,0,0
projects/projects.js,64,js,845de82b,manissen,2025-10-31,13:42:15,-07:00,2025-10-31T13:42:15-07:00,1,15
projects/projects.js,65,js,845de82b,manissen,2025-10-31,13:42:15,-07:00,2025-10-31T13:42:15-07:00,1,1
projects/projects.js,66,js,845de82b,manissen,2025-10-31,13:42:15,-07:00,2025-10-31T13:42:15-07:00,2,16
projects/projects.js,67,js,845de82b,manissen,2025-10-31,13:42:15,-07:00,2025-10-31T13:42:15-07:00,2,9
projects/projects.js,68,js,845de82b,manissen,2025-10-31,13:42:15,-07:00,2025-10-31T13:42:15-07:00,2,11
projects/projects.js,69,js,845de82b,manissen,2025-10-31,13:42:15,-07:00,2025-10-31T13:42:15-07:00,2,13
projects/projects.js,70,js,845de82b,manissen,2025-10-31,13:42:15,-07:00,2025-10-31T13:42:15-07:00,2,31
projects/projects.js,71,js,845de82b,manissen,2025-10-31,13:42:15,-07:00,2025-10-31T13:42:15-07:00,2,22
projects/projects.js,72,js,845de82b,manissen,2025-10-31,13:42:15,-07:00,2025-10-31T13:42:15-07:00,2,66
projects/projects.js,73,js,845de82b,manissen,2025-10-31,13:42:15,-07:00,2025-10-31T13:42:15-07:00,2,26
projects/projects.js,74,js,845de82b,manissen,2025-10-31,13:42:15,-07:00,2025-10-31T13:42:15-07:00,3,55
projects/projects.js,75,js,845de82b,manissen,2025-10-31,13:42:15,-07:00,2025-10-31T13:42:15-07:00,3,25
projects/projects.js,76,js,845de82b,manissen,2025-10-31,13:42:15,-07:00,2025-10-31T13:42:15-07:00,2,1
projects/projects.js,77,js,845de82b,manissen,2025-10-31,13:42:15,-07:00,2025-10-31T13:42:15-07:00,0,0
projects/projects.js,78,js,845de82b,manissen,2025-10-31,13:42:15,-07:00,2025-10-31T13:42:15-07:00,1,15
projects/projects.js,79,js,7a431203,manissen,2025-10-29,16:24:49,-07:00,2025-10-29T16:24:49-07:00,1,34
projects/projects.js,80,js,845de82b,manissen,2025-10-31,13:42:15,-07:00,2025-10-31T13:42:15-07:00,1,29
projects/projects.js,81,js,845de82b,manissen,2025-10-31,13:42:15,-07:00,2025-10-31T13:42:15-07:00,1,4
projects/projects.js,82,js,845de82b,manissen,2025-10-31,13:42:15,-07:00,2025-10-31T13:42:15-07:00,2,14
projects/projects.js,83,js,845de82b,manissen,2025-10-31,13:42:15,-07:00,2025-10-31T13:42:15-07:00,2,9
projects/projects.js,84,js,845de82b,manissen,2025-10-31,13:42:15,-07:00,2025-10-31T13:42:15-07:00,2,9
projects/projects.js,85,js,845de82b,manissen,2025-10-31,13:42:15,-07:00,2025-10-31T13:42:15-07:00,2,36
projects/projects.js,86,js,845de82b,manissen,2025-10-31,13:42:15,-07:00,2025-10-31T13:42:15-07:00,2,63
projects/projects.js,87,js,845de82b,manissen,2025-10-31,13:42:15,-07:00,2025-10-31T13:42:15-07:00,2,26
projects/projects.js,88,js,845de82b,manissen,2025-10-31,13:42:15,-07:00,2025-10-31T13:42:15-07:00,3,53
projects/projects.js,89,js,845de82b,manissen,2025-10-31,13:42:15,-07:00,2025-10-31T13:42:15-07:00,3,51
projects/projects.js,90,js,845de82b,manissen,2025-10-31,13:42:15,-07:00,2025-10-31T13:42:15-07:00,3,25
projects/projects.js,91,js,845de82b,manissen,2025-10-31,13:42:15,-07:00,2025-10-31T13:42:15-07:00,2,1
projects/projects.js,92,js,7a431203,manissen,2025-10-29,16:24:49,-07:00,2025-10-29T16:24:49-07:00,0,0
projects/projects.js,93,js,7a431203,manissen,2025-10-29,16:24:49,-07:00,2025-10-29T16:24:49-07:00,0,0
projects/projects.js,94,js,845de82b,manissen,2025-10-31,13:42:15,-07:00,2025-10-31T13:42:15-07:00,0,37
projects/projects.js,95,js,845de82b,manissen,2025-10-31,13:42:15,-07:00,2025-10-31T13:42:15-07:00,0,35
projects/projects.js,96,js,845de82b,manissen,2025-10-31,13:42:15,-07:00,2025-10-31T13:42:15-07:00,1,36
projects/projects.js,97,js,845de82b,manissen,2025-10-31,13:42:15,-07:00,2025-10-31T13:42:15-07:00,1,1
projects/projects.js,98,js,845de82b,manissen,2025-10-31,13:42:15,-07:00,2025-10-31T13:42:15-07:00,2,16
projects/projects.js,99,js,845de82b,manissen,2025-10-31,13:42:15,-07:00,2025-10-31T13:42:15-07:00,2,67
projects/projects.js,100,js,e3f61598,manissen,2025-10-29,21:55:45,-07:00,2025-10-29T21:55:45-07:00,0,0
projects/projects.js,101,js,845de82b,manissen,2025-10-31,13:42:15,-07:00,2025-10-31T13:42:15-07:00,1,18
projects/projects.js,102,js,845de82b,manissen,2025-10-31,13:42:15,-07:00,2025-10-31T13:42:15-07:00,2,14
projects/projects.js,103,js,845de82b,manissen,2025-10-31,13:42:15,-07:00,2025-10-31T13:42:15-07:00,2,64
projects/projects.js,104,js,7a431203,manissen,2025-10-29,16:24:49,-07:00,2025-10-29T16:24:49-07:00,0,0
projects/projects.js,105,js,845de82b,manissen,2025-10-31,13:42:15,-07:00,2025-10-31T13:42:15-07:00,1,23
projects/projects.js,106,js,845de82b,manissen,2025-10-31,13:42:15,-07:00,2025-10-31T13:42:15-07:00,1,41
projects/projects.js,107,js,7a431203,manissen,2025-10-29,16:24:49,-07:00,2025-10-29T16:24:49-07:00,0,0
projects/projects.js,108,js,845de82b,manissen,2025-10-31,13:42:15,-07:00,2025-10-31T13:42:15-07:00,1,25
projects/projects.js,109,js,845de82b,manissen,2025-10-31,13:42:15,-07:00,2025-10-31T13:42:15-07:00,2,61
projects/projects.js,110,js,845de82b,manissen,2025-10-31,13:42:15,-07:00,2025-10-31T13:42:15-07:00,2,52
projects/projects.js,111,js,845de82b,manissen,2025-10-31,13:42:15,-07:00,2025-10-31T13:42:15-07:00,2,5
projects/projects.js,112,js,7a431203,manissen,2025-10-29,16:24:49,-07:00,2025-10-29T16:24:49-07:00,1,0
projects/projects.js,113,js,7a431203,manissen,2025-10-29,16:24:49,-07:00,2025-10-29T16:24:49-07:00,0,0
projects/projects.js,114,js,845de82b,manissen,2025-10-31,13:42:15,-07:00,2025-10-31T13:42:15-07:00,1,41
projects/projects.js,115,js,845de82b,manissen,2025-10-31,13:42:15,-07:00,2025-10-31T13:42:15-07:00,1,44
projects/projects.js,116,js,845de82b,manissen,2025-10-31,13:42:15,-07:00,2025-10-31T13:42:15-07:00,1,73
projects/projects.js,117,js,7a431203,manissen,2025-10-29,16:24:49,-07:00,2025-10-29T16:24:49-07:00,0,0
projects/projects.js,118,js,845de82b,manissen,2025-10-31,13:42:15,-07:00,2025-10-31T13:42:15-07:00,1,54
projects/projects.js,119,js,845de82b,manissen,2025-10-31,13:42:15,-07:00,2025-10-31T13:42:15-07:00,0,0
projects/projects.js,120,js,845de82b,manissen,2025-10-31,13:42:15,-07:00,2025-10-31T13:42:15-07:00,0,0
projects/projects.js,121,js,845de82b,manissen,2025-10-31,13:42:15,-07:00,2025-10-31T13:42:15-07:00,0,12
projects/index.html,1,html,a77286c0,manissen,2025-09-30,17:06:07,-07:00,2025-09-30T17:06:07-07:00,0,13
projects/index.html,2,html,a77286c0,manissen,2025-09-30,17:06:07,-07:00,2025-09-30T17:06:07-07:00,0,14
projects/index.html,3,html,a77286c0,manissen,2025-09-30,17:06:07,-07:00,2025-09-30T17:06:07-07:00,0,4
projects/index.html,4,html,a77286c0,manissen,2025-09-30,17:06:07,-07:00,2025-09-30T17:06:07-07:00,2,20
projects/index.html,5,html,a77286c0,manissen,2025-09-30,17:06:07,-07:00,2025-09-30T17:06:07-07:00,2,68
projects/index.html,6,html,a77286c0,manissen,2025-09-30,17:06:07,-07:00,2025-09-30T17:06:07-07:00,2,21
projects/index.html,7,html,58656219,manissen,2025-10-05,15:18:50,-07:00,2025-10-05T15:18:50-07:00,2,41
projects/index.html,8,html,c104f06b,manissen,2025-10-15,14:11:39,-07:00,2025-10-15T14:11:39-07:00,2,48
projects/index.html,9,html,21e8df37,manissen,2025-10-21,15:43:12,-07:00,2025-10-21T15:43:12-07:00,2,47
projects/index.html,10,html,a77286c0,manissen,2025-09-30,17:06:07,-07:00,2025-09-30T17:06:07-07:00,0,5
projects/index.html,11,html,a77286c0,manissen,2025-09-30,17:06:07,-07:00,2025-09-30T17:06:07-07:00,0,4
projects/index.html,12,html,21e8df37,manissen,2025-10-21,15:43:12,-07:00,2025-10-21T15:43:12-07:00,2,38
projects/index.html,13,html,7a431203,manissen,2025-10-29,16:24:49,-07:00,2025-10-29T16:24:49-07:00,2,21
projects/index.html,14,html,7a431203,manissen,2025-10-29,16:24:49,-07:00,2025-10-29T16:24:49-07:00,4,48
projects/index.html,15,html,7a431203,manissen,2025-10-29,16:24:49,-07:00,2025-10-29T16:24:49-07:00,6,68
projects/index.html,16,html,7a431203,manissen,2025-10-29,16:24:49,-07:00,2025-10-29T16:24:49-07:00,4,4
projects/index.html,17,html,7a431203,manissen,2025-10-29,16:24:49,-07:00,2025-10-29T16:24:49-07:00,4,22
projects/index.html,18,html,7a431203,manissen,2025-10-29,16:24:49,-07:00,2025-10-29T16:24:49-07:00,2,4
projects/index.html,19,html,7a431203,manissen,2025-10-29,16:24:49,-07:00,2025-10-29T16:24:49-07:00,2,4
projects/index.html,20,html,7a431203,manissen,2025-10-29,16:24:49,-07:00,2025-10-29T16:24:49-07:00,4,15
projects/index.html,21,html,7a431203,manissen,2025-10-29,16:24:49,-07:00,2025-10-29T16:24:49-07:00,4,11
projects/index.html,22,html,7a431203,manissen,2025-10-29,16:24:49,-07:00,2025-10-29T16:24:49-07:00,4,26
projects/index.html,23,html,845de82b,manissen,2025-10-31,13:42:15,-07:00,2025-10-31T13:42:15-07:00,4,28
projects/index.html,24,html,7a431203,manissen,2025-10-29,16:24:49,-07:00,2025-10-29T16:24:49-07:00,2,0
projects/index.html,25,html,21e8df37,manissen,2025-10-21,15:43:12,-07:00,2025-10-21T15:43:12-07:00,2,26
projects/index.html,26,html,a77286c0,manissen,2025-09-30,17:06:07,-07:00,2025-09-30T17:06:07-07:00,0,5
projects/index.html,27,html,a77286c0,manissen,2025-09-30,17:06:07,-07:00,2025-09-30T17:06:07-07:00,0,5
meta/main.js,1,js,1049ff56,manissen,2025-11-03,23:22:42,-08:00,2025-11-03T23:22:42-08:00,0,63
meta/main.js,2,js,6edc8de1,manissen,2025-11-20,20:50:31,-08:00,2025-11-20T20:50:31-08:00,0,72
meta/main.js,3,js,1049ff56,manissen,2025-11-03,23:22:42,-08:00,2025-11-03T23:22:42-08:00,0,0
meta/main.js,4,js,39dea04d,manissen,2025-11-07,15:13:33,-08:00,2025-11-07T15:13:33-08:00,0,9
meta/main.js,5,js,1049ff56,manissen,2025-11-03,23:22:42,-08:00,2025-11-03T23:22:42-08:00,0,25
meta/main.js,6,js,1049ff56,manissen,2025-11-03,23:22:42,-08:00,2025-11-03T23:22:42-08:00,1,46
meta/main.js,7,js,1049ff56,manissen,2025-11-03,23:22:42,-08:00,2025-11-03T23:22:42-08:00,2,5
meta/main.js,8,js,1049ff56,manissen,2025-11-03,23:22:42,-08:00,2025-11-03T23:22:42-08:00,2,14
meta/main.js,9,js,1049ff56,manissen,2025-11-03,23:22:42,-08:00,2025-11-03T23:22:42-08:00,2,16
meta/main.js,10,js,1049ff56,manissen,2025-11-03,23:22:42,-08:00,2025-11-03T23:22:42-08:00,2,18
meta/main.js,11,js,1049ff56,manissen,2025-11-03,23:22:42,-08:00,2025-11-03T23:22:42-08:00,2,49
meta/main.js,12,js,1049ff56,manissen,2025-11-03,23:22:42,-08:00,2025-11-03T23:22:42-08:00,2,31
meta/main.js,13,js,1049ff56,manissen,2025-11-03,23:22:42,-08:00,2025-11-03T23:22:42-08:00,1,2
meta/main.js,14,js,1049ff56,manissen,2025-11-03,23:22:42,-08:00,2025-11-03T23:22:42-08:00,1,10
meta/main.js,15,js,1049ff56,manissen,2025-11-03,23:22:42,-08:00,2025-11-03T23:22:42-08:00,0,0
meta/main.js,16,js,1049ff56,manissen,2025-11-03,23:22:42,-08:00,2025-11-03T23:22:42-08:00,0,0
meta/main.js,17,js,39dea04d,manissen,2025-11-07,15:13:33,-08:00,2025-11-07T15:13:33-08:00,0,16
meta/main.js,18,js,1049ff56,manissen,2025-11-03,23:22:42,-08:00,2025-11-03T23:22:42-08:00,0,29
meta/main.js,19,js,1049ff56,manissen,2025-11-03,23:22:42,-08:00,2025-11-03T23:22:42-08:00,1,7
meta/main.js,20,js,1049ff56,manissen,2025-11-03,23:22:42,-08:00,2025-11-03T23:22:42-08:00,2,28
meta/main.js,21,js,1049ff56,manissen,2025-11-03,23:22:42,-08:00,2025-11-03T23:22:42-08:00,2,25
meta/main.js,22,js,87e353e9,manissen,2025-11-07,10:31:56,-08:00,2025-11-07T10:31:56-08:00,3,19
meta/main.js,23,js,87e353e9,manissen,2025-11-07,10:31:56,-08:00,2025-11-07T10:31:56-08:00,3,53
meta/main.js,24,js,87e353e9,manissen,2025-11-07,10:31:56,-08:00,2025-11-07T10:31:56-08:00,0,0
meta/main.js,25,js,87e353e9,manissen,2025-11-07,10:31:56,-08:00,2025-11-07T10:31:56-08:00,3,9
meta/main.js,26,js,1049ff56,manissen,2025-11-03,23:22:42,-08:00,2025-11-03T23:22:42-08:00,4,9
meta/main.js,27,js,87e353e9,manissen,2025-11-07,10:31:56,-08:00,2025-11-07T10:31:56-08:00,4,59
meta/main.js,28,js,1049ff56,manissen,2025-11-03,23:22:42,-08:00,2025-11-03T23:22:42-08:00,4,5
meta/main.js,29,js,1049ff56,manissen,2025-11-03,23:22:42,-08:00,2025-11-03T23:22:42-08:00,4,3
meta/main.js,30,js,1049ff56,manissen,2025-11-03,23:22:42,-08:00,2025-11-03T23:22:42-08:00,4,3
meta/main.js,31,js,1049ff56,manissen,2025-11-03,23:22:42,-08:00,2025-11-03T23:22:42-08:00,4,7
meta/main.js,32,js,1049ff56,manissen,2025-11-03,23:22:42,-08:00,2025-11-03T23:22:42-08:00,4,7
meta/main.js,33,js,1049ff56,manissen,2025-11-03,23:22:42,-08:00,2025-11-03T23:22:42-08:00,4,57
meta/main.js,34,js,1049ff56,manissen,2025-11-03,23:22:42,-08:00,2025-11-03T23:22:42-08:00,4,23
meta/main.js,35,js,1049ff56,manissen,2025-11-03,23:22:42,-08:00,2025-11-03T23:22:42-08:00,3,0
meta/main.js,36,js,87e353e9,manissen,2025-11-07,10:31:56,-08:00,2025-11-07T10:31:56-08:00,0,0
meta/main.js,37,js,1049ff56,manissen,2025-11-03,23:22:42,-08:00,2025-11-03T23:22:42-08:00,3,35
meta/main.js,38,js,1049ff56,manissen,2025-11-03,23:22:42,-08:00,2025-11-03T23:22:42-08:00,4,11
meta/main.js,39,js,87e353e9,manissen,2025-11-07,10:31:56,-08:00,2025-11-07T10:31:56-08:00,4,13
meta/main.js,40,js,87e353e9,manissen,2025-11-07,10:31:56,-08:00,2025-11-07T10:31:56-08:00,4,17
meta/main.js,41,js,87e353e9,manissen,2025-11-07,10:31:56,-08:00,2025-11-07T10:31:56-08:00,4,38
meta/main.js,42,js,1049ff56,manissen,2025-11-03,23:22:42,-08:00,2025-11-03T23:22:42-08:00,3,1
meta/main.js,43,js,87e353e9,manissen,2025-11-07,10:31:56,-08:00,2025-11-07T10:31:56-08:00,0,0
meta/main.js,44,js,1049ff56,manissen,2025-11-03,23:22:42,-08:00,2025-11-03T23:22:42-08:00,3,9
meta/main.js,45,js,1049ff56,manissen,2025-11-03,23:22:42,-08:00,2025-11-03T23:22:42-08:00,2,1
meta/main.js,46,js,39606e61,manissen,2025-11-20,20:19:51,-08:00,2025-11-20T20:19:51-08:00,0,0
meta/main.js,47,js,87e353e9,manissen,2025-11-07,10:31:56,-08:00,2025-11-07T10:31:56-08:00,0,0
meta/main.js,48,js,17e19fcc,manissen,2025-11-07,09:52:40,-08:00,2025-11-07T09:52:40-08:00,0,40
meta/main.js,49,js,39606e61,manissen,2025-11-20,20:19:51,-08:00,2025-11-20T20:19:51-08:00,1,41
meta/main.js,50,js,17e19fcc,manissen,2025-11-07,09:52:40,-08:00,2025-11-07T09:52:40-08:00,0,0
meta/main.js,51,js,39606e61,manissen,2025-11-20,20:19:51,-08:00,2025-11-20T20:19:51-08:00,1,12
meta/main.js,52,js,39606e61,manissen,2025-11-20,20:19:51,-08:00,2025-11-20T20:19:51-08:00,1,25
meta/main.js,53,js,87e353e9,manissen,2025-11-07,10:31:56,-08:00,2025-11-07T10:31:56-08:00,2,29
meta/main.js,54,js,17e19fcc,manissen,2025-11-07,09:52:40,-08:00,2025-11-07T09:52:40-08:00,0,0
meta/main.js,55,js,39606e61,manissen,2025-11-20,20:19:51,-08:00,2025-11-20T20:19:51-08:00,1,60
meta/main.js,56,js,39606e61,manissen,2025-11-20,20:19:51,-08:00,2025-11-20T20:19:51-08:00,0,0
meta/main.js,57,js,39606e61,manissen,2025-11-20,20:19:51,-08:00,2025-11-20T20:19:51-08:00,1,10
meta/main.js,58,js,39606e61,manissen,2025-11-20,20:19:51,-08:00,2025-11-20T20:19:51-08:00,1,67
meta/main.js,59,js,39606e61,manissen,2025-11-20,20:19:51,-08:00,2025-11-20T20:19:51-08:00,1,32
meta/main.js,60,js,39606e61,manissen,2025-11-20,20:19:51,-08:00,2025-11-20T20:19:51-08:00,0,0
meta/main.js,61,js,39606e61,manissen,2025-11-20,20:19:51,-08:00,2025-11-20T20:19:51-08:00,1,14
meta/main.js,62,js,39606e61,manissen,2025-11-20,20:19:51,-08:00,2025-11-20T20:19:51-08:00,1,30
meta/main.js,63,js,39606e61,manissen,2025-11-20,20:19:51,-08:00,2025-11-20T20:19:51-08:00,1,35
meta/main.js,64,js,39606e61,manissen,2025-11-20,20:19:51,-08:00,2025-11-20T20:19:51-08:00,0,0
meta/main.js,65,js,39606e61,manissen,2025-11-20,20:19:51,-08:00,2025-11-20T20:19:51-08:00,1,16
meta/main.js,66,js,39606e61,manissen,2025-11-20,20:19:51,-08:00,2025-11-20T20:19:51-08:00,1,51
meta/main.js,67,js,39606e61,manissen,2025-11-20,20:19:51,-08:00,2025-11-20T20:19:51-08:00,1,28
meta/main.js,68,js,39606e61,manissen,2025-11-20,20:19:51,-08:00,2025-11-20T20:19:51-08:00,1,29
meta/main.js,69,js,39606e61,manissen,2025-11-20,20:19:51,-08:00,2025-11-20T20:19:51-08:00,0,0
meta/main.js,70,js,39606e61,manissen,2025-11-20,20:19:51,-08:00,2025-11-20T20:19:51-08:00,1,20
meta/main.js,71,js,39606e61,manissen,2025-11-20,20:19:51,-08:00,2025-11-20T20:19:51-08:00,1,60
meta/main.js,72,js,39606e61,manissen,2025-11-20,20:19:51,-08:00,2025-11-20T20:19:51-08:00,1,38
meta/main.js,73,js,39606e61,manissen,2025-11-20,20:19:51,-08:00,2025-11-20T20:19:51-08:00,1,34
meta/main.js,74,js,87e353e9,manissen,2025-11-07,10:31:56,-08:00,2025-11-07T10:31:56-08:00,0,0
meta/main.js,75,js,17e19fcc,manissen,2025-11-07,09:52:40,-08:00,2025-11-07T09:52:40-08:00,0,0
meta/main.js,76,js,87e353e9,manissen,2025-11-07,10:31:56,-08:00,2025-11-07T10:31:56-08:00,0,41
meta/main.js,77,js,39606e61,manissen,2025-11-20,20:19:51,-08:00,2025-11-20T20:19:51-08:00,1,17
meta/main.js,78,js,39606e61,manissen,2025-11-20,20:19:51,-08:00,2025-11-20T20:19:51-08:00,1,17
meta/main.js,79,js,39606e61,manissen,2025-11-20,20:19:51,-08:00,2025-11-20T20:19:51-08:00,1,58
meta/main.js,80,js,39606e61,manissen,2025-11-20,20:19:51,-08:00,2025-11-20T20:19:51-08:00,1,53
meta/main.js,81,js,39606e61,manissen,2025-11-20,20:19:51,-08:00,2025-11-20T20:19:51-08:00,1,55
meta/main.js,82,js,39606e61,manissen,2025-11-20,20:19:51,-08:00,2025-11-20T20:19:51-08:00,0,0
meta/main.js,83,js,39606e61,manissen,2025-11-20,20:19:51,-08:00,2025-11-20T20:19:51-08:00,1,67
meta/main.js,84,js,39606e61,manissen,2025-11-20,20:19:51,-08:00,2025-11-20T20:19:51-08:00,1,27
meta/main.js,85,js,39606e61,manissen,2025-11-20,20:19:51,-08:00,2025-11-20T20:19:51-08:00,2,27
meta/main.js,86,js,39606e61,manissen,2025-11-20,20:19:51,-08:00,2025-11-20T20:19:51-08:00,2,14
meta/main.js,87,js,39606e61,manissen,2025-11-20,20:19:51,-08:00,2025-11-20T20:19:51-08:00,0,0
meta/main.js,88,js,39606e61,manissen,2025-11-20,20:19:51,-08:00,2025-11-20T20:19:51-08:00,1,11
meta/main.js,89,js,39606e61,manissen,2025-11-20,20:19:51,-08:00,2025-11-20T20:19:51-08:00,1,29
meta/main.js,90,js,39606e61,manissen,2025-11-20,20:19:51,-08:00,2025-11-20T20:19:51-08:00,2,12
meta/main.js,91,js,39606e61,manissen,2025-11-20,20:19:51,-08:00,2025-11-20T20:19:51-08:00,2,40
meta/main.js,92,js,39606e61,manissen,2025-11-20,20:19:51,-08:00,2025-11-20T20:19:51-08:00,2,28
meta/main.js,93,js,39606e61,manissen,2025-11-20,20:19:51,-08:00,2025-11-20T20:19:51-08:00,0,0
meta/main.js,94,js,39606e61,manissen,2025-11-20,20:19:51,-08:00,2025-11-20T20:19:51-08:00,1,23
meta/main.js,95,js,39606e61,manissen,2025-11-20,20:19:51,-08:00,2025-11-20T20:19:51-08:00,1,49
meta/main.js,96,js,39606e61,manissen,2025-11-20,20:19:51,-08:00,2025-11-20T20:19:51-08:00,0,0
meta/main.js,97,js,39606e61,manissen,2025-11-20,20:19:51,-08:00,2025-11-20T20:19:51-08:00,1,7
meta/main.js,98,js,39606e61,manissen,2025-11-20,20:19:51,-08:00,2025-11-20T20:19:51-08:00,1,21
meta/main.js,99,js,39606e61,manissen,2025-11-20,20:19:51,-08:00,2025-11-20T20:19:51-08:00,2,42
meta/main.js,100,js,39606e61,manissen,2025-11-20,20:19:51,-08:00,2025-11-20T20:19:51-08:00,2,46
meta/main.js,101,js,39606e61,manissen,2025-11-20,20:19:51,-08:00,2025-11-20T20:19:51-08:00,2,6
meta/main.js,102,js,39606e61,manissen,2025-11-20,20:19:51,-08:00,2025-11-20T20:19:51-08:00,0,0
meta/main.js,103,js,39606e61,manissen,2025-11-20,20:19:51,-08:00,2025-11-20T20:19:51-08:00,1,23
meta/main.js,104,js,39606e61,manissen,2025-11-20,20:19:51,-08:00,2025-11-20T20:19:51-08:00,2,14
meta/main.js,105,js,39606e61,manissen,2025-11-20,20:19:51,-08:00,2025-11-20T20:19:51-08:00,2,46
meta/main.js,106,js,39606e61,manissen,2025-11-20,20:19:51,-08:00,2025-11-20T20:19:51-08:00,0,0
meta/main.js,107,js,00000000,Not Committed Yet,2025-11-21,15:39:28,-08:00,2025-11-21T15:39:28-08:00,1,33
meta/main.js,108,js,00000000,Not Committed Yet,2025-11-21,15:39:28,-08:00,2025-11-21T15:39:28-08:00,1,7
meta/main.js,109,js,00000000,Not Committed Yet,2025-11-21,15:39:28,-08:00,2025-11-21T15:39:28-08:00,1,34
meta/main.js,110,js,00000000,Not Committed Yet,2025-11-21,15:39:28,-08:00,2025-11-21T15:39:28-08:00,0,0
meta/main.js,111,js,39606e61,manissen,2025-11-20,20:19:51,-08:00,2025-11-20T20:19:51-08:00,1,84
meta/main.js,112,js,39606e61,manissen,2025-11-20,20:19:51,-08:00,2025-11-20T20:19:51-08:00,0,0
meta/main.js,113,js,39606e61,manissen,2025-11-20,20:19:51,-08:00,2025-11-20T20:19:51-08:00,1,13
meta/main.js,114,js,39606e61,manissen,2025-11-20,20:19:51,-08:00,2025-11-20T20:19:51-08:00,2,62
meta/main.js,115,js,39606e61,manissen,2025-11-20,20:19:51,-08:00,2025-11-20T20:19:51-08:00,2,51
meta/main.js,116,js,39606e61,manissen,2025-11-20,20:19:51,-08:00,2025-11-20T20:19:51-08:00,2,11
meta/main.js,117,js,39606e61,manissen,2025-11-20,20:19:51,-08:00,2025-11-20T20:19:51-08:00,0,0
meta/main.js,118,js,39606e61,manissen,2025-11-20,20:19:51,-08:00,2025-11-20T20:19:51-08:00,1,13
meta/main.js,119,js,39606e61,manissen,2025-11-20,20:19:51,-08:00,2025-11-20T20:19:51-08:00,2,48
meta/main.js,120,js,39606e61,manissen,2025-11-20,20:19:51,-08:00,2025-11-20T20:19:51-08:00,2,39
meta/main.js,121,js,39606e61,manissen,2025-11-20,20:19:51,-08:00,2025-11-20T20:19:51-08:00,2,11
meta/main.js,122,js,39606e61,manissen,2025-11-20,20:19:51,-08:00,2025-11-20T20:19:51-08:00,0,0
meta/main.js,123,js,39606e61,manissen,2025-11-20,20:19:51,-08:00,2025-11-20T20:19:51-08:00,1,10
meta/main.js,124,js,39606e61,manissen,2025-11-20,20:19:51,-08:00,2025-11-20T20:19:51-08:00,1,13
meta/main.js,125,js,39606e61,manissen,2025-11-20,20:19:51,-08:00,2025-11-20T20:19:51-08:00,2,25
meta/main.js,126,js,39606e61,manissen,2025-11-20,20:19:51,-08:00,2025-11-20T20:19:51-08:00,2,48
meta/main.js,127,js,39606e61,manissen,2025-11-20,20:19:51,-08:00,2025-11-20T20:19:51-08:00,2,63
meta/main.js,128,js,39606e61,manissen,2025-11-20,20:19:51,-08:00,2025-11-20T20:19:51-08:00,0,0
meta/main.js,129,js,39606e61,manissen,2025-11-20,20:19:51,-08:00,2025-11-20T20:19:51-08:00,1,22
meta/main.js,130,js,39606e61,manissen,2025-11-20,20:19:51,-08:00,2025-11-20T20:19:51-08:00,2,12
meta/main.js,131,js,39606e61,manissen,2025-11-20,20:19:51,-08:00,2025-11-20T20:19:51-08:00,2,13
meta/main.js,132,js,39606e61,manissen,2025-11-20,20:19:51,-08:00,2025-11-20T20:19:51-08:00,2,34
meta/main.js,133,js,39606e61,manissen,2025-11-20,20:19:51,-08:00,2025-11-20T20:19:51-08:00,2,34
meta/main.js,134,js,39606e61,manissen,2025-11-20,20:19:51,-08:00,2025-11-20T20:19:51-08:00,2,35
meta/main.js,135,js,39606e61,manissen,2025-11-20,20:19:51,-08:00,2025-11-20T20:19:51-08:00,2,24
meta/main.js,136,js,39606e61,manissen,2025-11-20,20:19:51,-08:00,2025-11-20T20:19:51-08:00,2,25
meta/main.js,137,js,39606e61,manissen,2025-11-20,20:19:51,-08:00,2025-11-20T20:19:51-08:00,2,36
meta/main.js,138,js,39606e61,manissen,2025-11-20,20:19:51,-08:00,2025-11-20T20:19:51-08:00,3,54
meta/main.js,139,js,39606e61,manissen,2025-11-20,20:19:51,-08:00,2025-11-20T20:19:51-08:00,3,27
meta/main.js,140,js,39606e61,manissen,2025-11-20,20:19:51,-08:00,2025-11-20T20:19:51-08:00,3,35
meta/main.js,141,js,39606e61,manissen,2025-11-20,20:19:51,-08:00,2025-11-20T20:19:51-08:00,3,27
meta/main.js,142,js,39606e61,manissen,2025-11-20,20:19:51,-08:00,2025-11-20T20:19:51-08:00,2,0
meta/main.js,143,js,39606e61,manissen,2025-11-20,20:19:51,-08:00,2025-11-20T20:19:51-08:00,2,37
meta/main.js,144,js,39606e61,manissen,2025-11-20,20:19:51,-08:00,2025-11-20T20:19:51-08:00,2,28
meta/main.js,145,js,39606e61,manissen,2025-11-20,20:19:51,-08:00,2025-11-20T20:19:51-08:00,3,56
meta/main.js,146,js,39606e61,manissen,2025-11-20,20:19:51,-08:00,2025-11-20T20:19:51-08:00,3,36
meta/main.js,147,js,39606e61,manissen,2025-11-20,20:19:51,-08:00,2025-11-20T20:19:51-08:00,2,1
meta/main.js,148,js,39606e61,manissen,2025-11-20,20:19:51,-08:00,2025-11-20T20:19:51-08:00,0,0
meta/main.js,149,js,39606e61,manissen,2025-11-20,20:19:51,-08:00,2025-11-20T20:19:51-08:00,1,23
meta/main.js,150,js,39606e61,manissen,2025-11-20,20:19:51,-08:00,2025-11-20T20:19:51-08:00,0,0
meta/main.js,151,js,39dea04d,manissen,2025-11-07,15:13:33,-08:00,2025-11-07T15:13:33-08:00,0,0
meta/main.js,152,js,39dea04d,manissen,2025-11-07,15:13:33,-08:00,2025-11-07T15:13:33-08:00,0,50
meta/main.js,153,js,39606e61,manissen,2025-11-20,20:19:51,-08:00,2025-11-20T20:19:51-08:00,1,56
meta/main.js,154,js,39606e61,manissen,2025-11-20,20:19:51,-08:00,2025-11-20T20:19:51-08:00,1,26
meta/main.js,155,js,87e353e9,manissen,2025-11-07,10:31:56,-08:00,2025-11-07T10:31:56-08:00,0,0
meta/main.js,156,js,17e19fcc,manissen,2025-11-07,09:52:40,-08:00,2025-11-07T09:52:40-08:00,0,0
meta/main.js,157,js,87e353e9,manissen,2025-11-07,10:31:56,-08:00,2025-11-07T10:31:56-08:00,0,37
meta/main.js,158,js,39dea04d,manissen,2025-11-07,15:13:33,-08:00,2025-11-07T15:13:33-08:00,1,56
meta/main.js,159,js,39dea04d,manissen,2025-11-07,15:13:33,-08:00,2025-11-07T15:13:33-08:00,0,0
meta/main.js,160,js,39dea04d,manissen,2025-11-07,15:13:33,-08:00,2025-11-07T15:13:33-08:00,1,58
meta/main.js,161,js,39dea04d,manissen,2025-11-07,15:13:33,-08:00,2025-11-07T15:13:33-08:00,1,17
meta/main.js,162,js,39dea04d,manissen,2025-11-07,15:13:33,-08:00,2025-11-07T15:13:33-08:00,1,18
meta/main.js,163,js,39dea04d,manissen,2025-11-07,15:13:33,-08:00,2025-11-07T15:13:33-08:00,0,0
meta/main.js,164,js,39dea04d,manissen,2025-11-07,15:13:33,-08:00,2025-11-07T15:13:33-08:00,1,48
meta/main.js,165,js,39dea04d,manissen,2025-11-07,15:13:33,-08:00,2025-11-07T15:13:33-08:00,1,47
meta/main.js,166,js,1049ff56,manissen,2025-11-03,23:22:42,-08:00,2025-11-03T23:22:42-08:00,0,0
meta/main.js,167,js,1049ff56,manissen,2025-11-03,23:22:42,-08:00,2025-11-03T23:22:42-08:00,0,0
meta/main.js,168,js,17e19fcc,manissen,2025-11-07,09:52:40,-08:00,2025-11-07T09:52:40-08:00,0,37
meta/main.js,169,js,39606e61,manissen,2025-11-20,20:19:51,-08:00,2025-11-20T20:19:51-08:00,1,43
meta/main.js,170,js,39606e61,manissen,2025-11-20,20:19:51,-08:00,2025-11-20T20:19:51-08:00,1,50
meta/main.js,171,js,39606e61,manissen,2025-11-20,20:19:51,-08:00,2025-11-20T20:19:51-08:00,1,50
meta/main.js,172,js,39606e61,manissen,2025-11-20,20:19:51,-08:00,2025-11-20T20:19:51-08:00,1,26
meta/main.js,173,js,39606e61,manissen,2025-11-20,20:19:51,-08:00,2025-11-20T20:19:51-08:00,0,0
meta/main.js,174,js,39606e61,manissen,2025-11-20,20:19:51,-08:00,2025-11-20T20:19:51-08:00,1,43
meta/main.js,175,js,39606e61,manissen,2025-11-20,20:19:51,-08:00,2025-11-20T20:19:51-08:00,0,0
meta/main.js,176,js,39606e61,manissen,2025-11-20,20:19:51,-08:00,2025-11-20T20:19:51-08:00,1,21
meta/main.js,177,js,39606e61,manissen,2025-11-20,20:19:51,-08:00,2025-11-20T20:19:51-08:00,1,27
meta/main.js,178,js,39606e61,manissen,2025-11-20,20:19:51,-08:00,2025-11-20T20:19:51-08:00,1,56
meta/main.js,179,js,39606e61,manissen,2025-11-20,20:19:51,-08:00,2025-11-20T20:19:51-08:00,2,16
meta/main.js,180,js,39606e61,manissen,2025-11-20,20:19:51,-08:00,2025-11-20T20:19:51-08:00,1,1
meta/main.js,181,js,1049ff56,manissen,2025-11-03,23:22:42,-08:00,2025-11-03T23:22:42-08:00,0,0
meta/main.js,182,js,e4b0c46a,manissen,2025-11-04,08:40:17,-08:00,2025-11-04T08:40:17-08:00,0,0
meta/main.js,183,js,39dea04d,manissen,2025-11-07,15:13:33,-08:00,2025-11-07T15:13:33-08:00,0,33
meta/main.js,184,js,39dea04d,manissen,2025-11-07,15:13:33,-08:00,2025-11-07T15:13:33-08:00,1,50
meta/main.js,185,js,87e353e9,manissen,2025-11-07,10:31:56,-08:00,2025-11-07T10:31:56-08:00,1,43
meta/main.js,186,js,e4b0c46a,manissen,2025-11-04,08:40:17,-08:00,2025-11-04T08:40:17-08:00,0,0
meta/main.js,187,js,e4b0c46a,manissen,2025-11-04,08:40:17,-08:00,2025-11-04T08:40:17-08:00,0,0
meta/main.js,188,js,39dea04d,manissen,2025-11-07,15:13:33,-08:00,2025-11-07T15:13:33-08:00,0,23
meta/main.js,189,js,87e353e9,manissen,2025-11-07,10:31:56,-08:00,2025-11-07T10:31:56-08:00,1,32
meta/main.js,190,js,87e353e9,manissen,2025-11-07,10:31:56,-08:00,2025-11-07T10:31:56-08:00,1,47
meta/main.js,191,js,39dea04d,manissen,2025-11-07,15:13:33,-08:00,2025-11-07T15:13:33-08:00,2,29
meta/main.js,192,js,87e353e9,manissen,2025-11-07,10:31:56,-08:00,2025-11-07T10:31:56-08:00,1,0
meta/main.js,193,js,39dea04d,manissen,2025-11-07,15:13:33,-08:00,2025-11-07T15:13:33-08:00,1,30
meta/main.js,194,js,87e353e9,manissen,2025-11-07,10:31:56,-08:00,2025-11-07T10:31:56-08:00,1,33
meta/main.js,195,js,e4b0c46a,manissen,2025-11-04,08:40:17,-08:00,2025-11-04T08:40:17-08:00,0,0
meta/main.js,196,js,e4b0c46a,manissen,2025-11-04,08:40:17,-08:00,2025-11-04T08:40:17-08:00,0,0
meta/main.js,197,js,39dea04d,manissen,2025-11-07,15:13:33,-08:00,2025-11-07T15:13:33-08:00,0,44
meta/main.js,198,js,87e353e9,manissen,2025-11-07,10:31:56,-08:00,2025-11-07T10:31:56-08:00,1,27
meta/main.js,199,js,87e353e9,manissen,2025-11-07,10:31:56,-08:00,2025-11-07T10:31:56-08:00,0,0
meta/main.js,200,js,39dea04d,manissen,2025-11-07,15:13:33,-08:00,2025-11-07T15:13:33-08:00,1,64
meta/main.js,201,js,39dea04d,manissen,2025-11-07,15:13:33,-08:00,2025-11-07T15:13:33-08:00,1,32
meta/main.js,202,js,39dea04d,manissen,2025-11-07,15:13:33,-08:00,2025-11-07T15:13:33-08:00,1,32
meta/main.js,203,js,87e353e9,manissen,2025-11-07,10:31:56,-08:00,2025-11-07T10:31:56-08:00,0,0
meta/main.js,204,js,39dea04d,manissen,2025-11-07,15:13:33,-08:00,2025-11-07T15:13:33-08:00,1,46
meta/main.js,205,js,87e353e9,manissen,2025-11-07,10:31:56,-08:00,2025-11-07T10:31:56-08:00,0,0
meta/main.js,206,js,87e353e9,manissen,2025-11-07,10:31:56,-08:00,2025-11-07T10:31:56-08:00,0,0
meta/main.js,207,js,39dea04d,manissen,2025-11-07,15:13:33,-08:00,2025-11-07T15:13:33-08:00,0,40
meta/main.js,208,js,87e353e9,manissen,2025-11-07,10:31:56,-08:00,2025-11-07T10:31:56-08:00,1,31
meta/main.js,209,js,39dea04d,manissen,2025-11-07,15:13:33,-08:00,2025-11-07T15:13:33-08:00,2,53
meta/main.js,210,js,87e353e9,manissen,2025-11-07,10:31:56,-08:00,2025-11-07T10:31:56-08:00,2,3
meta/main.js,211,js,87e353e9,manissen,2025-11-07,10:31:56,-08:00,2025-11-07T10:31:56-08:00,0,0
meta/main.js,212,js,87e353e9,manissen,2025-11-07,10:31:56,-08:00,2025-11-07T10:31:56-08:00,1,62
meta/main.js,213,js,39606e61,manissen,2025-11-20,20:19:51,-08:00,2025-11-20T20:19:51-08:00,1,58
meta/main.js,214,js,39606e61,manissen,2025-11-20,20:19:51,-08:00,2025-11-20T20:19:51-08:00,2,18
meta/main.js,215,js,87e353e9,manissen,2025-11-07,10:31:56,-08:00,2025-11-07T10:31:56-08:00,0,0
meta/main.js,216,js,87e353e9,manissen,2025-11-07,10:31:56,-08:00,2025-11-07T10:31:56-08:00,1,21
meta/main.js,217,js,e4b0c46a,manissen,2025-11-04,08:40:17,-08:00,2025-11-04T08:40:17-08:00,0,0
meta/main.js,218,js,1049ff56,manissen,2025-11-03,23:22:42,-08:00,2025-11-03T23:22:42-08:00,0,0
meta/main.js,219,js,87e353e9,manissen,2025-11-07,10:31:56,-08:00,2025-11-07T10:31:56-08:00,0,43
meta/main.js,220,js,87e353e9,manissen,2025-11-07,10:31:56,-08:00,2025-11-07T10:31:56-08:00,1,31
meta/main.js,221,js,87e353e9,manissen,2025-11-07,10:31:56,-08:00,2025-11-07T10:31:56-08:00,2,53
meta/main.js,222,js,87e353e9,manissen,2025-11-07,10:31:56,-08:00,2025-11-07T10:31:56-08:00,2,3
meta/main.js,223,js,87e353e9,manissen,2025-11-07,10:31:56,-08:00,2025-11-07T10:31:56-08:00,1,62
meta/main.js,224,js,87e353e9,manissen,2025-11-07,10:31:56,-08:00,2025-11-07T10:31:56-08:00,0,0
meta/main.js,225,js,87e353e9,manissen,2025-11-07,10:31:56,-08:00,2025-11-07T10:31:56-08:00,1,33
meta/main.js,226,js,87e353e9,manissen,2025-11-07,10:31:56,-08:00,2025-11-07T10:31:56-08:00,2,23
meta/main.js,227,js,87e353e9,manissen,2025-11-07,10:31:56,-08:00,2025-11-07T10:31:56-08:00,2,5
meta/main.js,228,js,87e353e9,manissen,2025-11-07,10:31:56,-08:00,2025-11-07T10:31:56-08:00,1,0
meta/main.js,229,js,87e353e9,manissen,2025-11-07,10:31:56,-08:00,2025-11-07T10:31:56-08:00,1,73
meta/main.js,230,js,87e353e9,manissen,2025-11-07,10:31:56,-08:00,2025-11-07T10:31:56-08:00,1,52
meta/main.js,231,js,87e353e9,manissen,2025-11-07,10:31:56,-08:00,2025-11-07T10:31:56-08:00,0,0
meta/main.js,232,js,87e353e9,manissen,2025-11-07,10:31:56,-08:00,2025-11-07T10:31:56-08:00,1,42
meta/main.js,233,js,87e353e9,manissen,2025-11-07,10:31:56,-08:00,2025-11-07T10:31:56-08:00,1,26
meta/main.js,234,js,87e353e9,manissen,2025-11-07,10:31:56,-08:00,2025-11-07T10:31:56-08:00,2,4
meta/main.js,235,js,87e353e9,manissen,2025-11-07,10:31:56,-08:00,2025-11-07T10:31:56-08:00,2,14
meta/main.js,236,js,87e353e9,manissen,2025-11-07,10:31:56,-08:00,2025-11-07T10:31:56-08:00,2,12
meta/main.js,237,js,87e353e9,manissen,2025-11-07,10:31:56,-08:00,2025-11-07T10:31:56-08:00,1,0
meta/main.js,238,js,87e353e9,manissen,2025-11-07,10:31:56,-08:00,2025-11-07T10:31:56-08:00,0,0
meta/main.js,239,js,87e353e9,manissen,2025-11-07,10:31:56,-08:00,2025-11-07T10:31:56-08:00,1,26
meta/main.js,240,js,87e353e9,manissen,2025-11-07,10:31:56,-08:00,2025-11-07T10:31:56-08:00,1,23
meta/main.js,241,js,87e353e9,manissen,2025-11-07,10:31:56,-08:00,2025-11-07T10:31:56-08:00,0,0
meta/main.js,242,js,87e353e9,manissen,2025-11-07,10:31:56,-08:00,2025-11-07T10:31:56-08:00,1,42
meta/main.js,243,js,87e353e9,manissen,2025-11-07,10:31:56,-08:00,2025-11-07T10:31:56-08:00,2,38
meta/main.js,244,js,87e353e9,manissen,2025-11-07,10:31:56,-08:00,2025-11-07T10:31:56-08:00,2,46
meta/main.js,245,js,87e353e9,manissen,2025-11-07,10:31:56,-08:00,2025-11-07T10:31:56-08:00,0,0
meta/main.js,246,js,87e353e9,manissen,2025-11-07,10:31:56,-08:00,2025-11-07T10:31:56-08:00,2,22
meta/main.js,247,js,87e353e9,manissen,2025-11-07,10:31:56,-08:00,2025-11-07T10:31:56-08:00,6,18
meta/main.js,248,js,87e353e9,manissen,2025-11-07,10:31:56,-08:00,2025-11-07T10:31:56-08:00,6,36
meta/main.js,249,js,87e353e9,manissen,2025-11-07,10:31:56,-08:00,2025-11-07T10:31:56-08:00,4,0
meta/main.js,250,js,87e353e9,manissen,2025-11-07,10:31:56,-08:00,2025-11-07T10:31:56-08:00,1,0
meta/main.js,251,js,87e353e9,manissen,2025-11-07,10:31:56,-08:00,2025-11-07T10:31:56-08:00,0,0
meta/main.js,252,js,17e19fcc,manissen,2025-11-07,09:52:40,-08:00,2025-11-07T09:52:40-08:00,0,0
meta/main.js,253,js,2bc88398,manissen,2025-11-16,15:23:14,-08:00,2025-11-16T15:23:14-08:00,0,43
meta/main.js,254,js,97679c1f,manissen,2025-11-16,15:07:59,-08:00,2025-11-16T15:07:59-08:00,1,44
meta/main.js,255,js,97679c1f,manissen,2025-11-16,15:07:59,-08:00,2025-11-16T15:07:59-08:00,0,0
meta/main.js,256,js,fbda2c57,manissen,2025-11-20,19:52:34,-08:00,2025-11-20T19:52:34-08:00,1,13
meta/main.js,257,js,2bc88398,manissen,2025-11-16,15:23:14,-08:00,2025-11-16T15:23:14-08:00,1,57
meta/main.js,258,js,97679c1f,manissen,2025-11-16,15:07:59,-08:00,2025-11-16T15:07:59-08:00,0,0
meta/main.js,259,js,2bc88398,manissen,2025-11-16,15:23:14,-08:00,2025-11-16T15:23:14-08:00,1,14
meta/main.js,260,js,00000000,Not Committed Yet,2025-11-21,15:39:28,-08:00,2025-11-21T15:39:28-08:00,1,33
meta/main.js,261,js,00000000,Not Committed Yet,2025-11-21,15:39:28,-08:00,2025-11-21T15:39:28-08:00,1,7
meta/main.js,262,js,00000000,Not Committed Yet,2025-11-21,15:39:28,-08:00,2025-11-21T15:39:28-08:00,1,34
meta/main.js,263,js,00000000,Not Committed Yet,2025-11-21,15:39:28,-08:00,2025-11-21T15:39:28-08:00,0,0
meta/main.js,264,js,97679c1f,manissen,2025-11-16,15:07:59,-08:00,2025-11-16T15:07:59-08:00,1,40
meta/main.js,265,js,fbda2c57,manissen,2025-11-20,19:52:34,-08:00,2025-11-20T19:52:34-08:00,1,33
meta/main.js,266,js,97679c1f,manissen,2025-11-16,15:07:59,-08:00,2025-11-16T15:07:59-08:00,1,21
meta/main.js,267,js,97679c1f,manissen,2025-11-16,15:07:59,-08:00,2025-11-16T15:07:59-08:00,0,0
meta/main.js,268,js,fbda2c57,manissen,2025-11-20,19:52:34,-08:00,2025-11-20T19:52:34-08:00,1,16
meta/main.js,269,js,2bc88398,manissen,2025-11-16,15:23:14,-08:00,2025-11-16T15:23:14-08:00,1,73
meta/main.js,270,js,2bc88398,manissen,2025-11-16,15:23:14,-08:00,2025-11-16T15:23:14-08:00,1,72
meta/main.js,271,js,97679c1f,manissen,2025-11-16,15:07:59,-08:00,2025-11-16T15:07:59-08:00,0,0
meta/main.js,272,js,fbda2c57,manissen,2025-11-20,19:52:34,-08:00,2025-11-20T19:52:34-08:00,1,29
meta/main.js,273,js,fbda2c57,manissen,2025-11-20,19:52:34,-08:00,2025-11-20T19:52:34-08:00,1,58
meta/main.js,274,js,fbda2c57,manissen,2025-11-20,19:52:34,-08:00,2025-11-20T19:52:34-08:00,0,0
meta/main.js,275,js,97679c1f,manissen,2025-11-16,15:07:59,-08:00,2025-11-16T15:07:59-08:00,1,32
meta/main.js,276,js,97679c1f,manissen,2025-11-16,15:07:59,-08:00,2025-11-16T15:07:59-08:00,0,0
meta/main.js,277,js,fbda2c57,manissen,2025-11-20,19:52:34,-08:00,2025-11-20T19:52:34-08:00,1,2
meta/main.js,278,js,fbda2c57,manissen,2025-11-20,19:52:34,-08:00,2025-11-20T19:52:34-08:00,2,18
meta/main.js,279,js,fbda2c57,manissen,2025-11-20,19:52:34,-08:00,2025-11-20T19:52:34-08:00,2,59
meta/main.js,280,js,97679c1f,manissen,2025-11-16,15:07:59,-08:00,2025-11-16T15:07:59-08:00,2,13
meta/main.js,281,js,2bc88398,manissen,2025-11-16,15:23:14,-08:00,2025-11-16T15:23:14-08:00,2,34
meta/main.js,282,js,2bc88398,manissen,2025-11-16,15:23:14,-08:00,2025-11-16T15:23:14-08:00,2,34
meta/main.js,283,js,2bc88398,manissen,2025-11-16,15:23:14,-08:00,2025-11-16T15:23:14-08:00,2,35
meta/main.js,284,js,97679c1f,manissen,2025-11-16,15:07:59,-08:00,2025-11-16T15:07:59-08:00,2,24
meta/main.js,285,js,2bc88398,manissen,2025-11-16,15:23:14,-08:00,2025-11-16T15:23:14-08:00,2,25
meta/main.js,286,js,97679c1f,manissen,2025-11-16,15:07:59,-08:00,2025-11-16T15:07:59-08:00,2,36
meta/main.js,287,js,2bc88398,manissen,2025-11-16,15:23:14,-08:00,2025-11-16T15:23:14-08:00,3,54
meta/main.js,288,js,97679c1f,manissen,2025-11-16,15:07:59,-08:00,2025-11-16T15:07:59-08:00,3,27
meta/main.js,289,js,2bc88398,manissen,2025-11-16,15:23:14,-08:00,2025-11-16T15:23:14-08:00,3,35
meta/main.js,290,js,97679c1f,manissen,2025-11-16,15:07:59,-08:00,2025-11-16T15:07:59-08:00,3,27
meta/main.js,291,js,97679c1f,manissen,2025-11-16,15:07:59,-08:00,2025-11-16T15:07:59-08:00,2,0
meta/main.js,292,js,2bc88398,manissen,2025-11-16,15:23:14,-08:00,2025-11-16T15:23:14-08:00,2,37
meta/main.js,293,js,97679c1f,manissen,2025-11-16,15:07:59,-08:00,2025-11-16T15:07:59-08:00,2,28
meta/main.js,294,js,97679c1f,manissen,2025-11-16,15:07:59,-08:00,2025-11-16T15:07:59-08:00,3,56
meta/main.js,295,js,2bc88398,manissen,2025-11-16,15:23:14,-08:00,2025-11-16T15:23:14-08:00,3,36
meta/main.js,296,js,97679c1f,manissen,2025-11-16,15:07:59,-08:00,2025-11-16T15:07:59-08:00,2,1
meta/main.js,297,js,97679c1f,manissen,2025-11-16,15:07:59,-08:00,2025-11-16T15:07:59-08:00,0,0
meta/main.js,298,js,97679c1f,manissen,2025-11-16,15:07:59,-08:00,2025-11-16T15:07:59-08:00,0,0
meta/main.js,299,js,2bc88398,manissen,2025-11-16,15:23:14,-08:00,2025-11-16T15:23:14-08:00,0,29
meta/main.js,300,js,2bc88398,manissen,2025-11-16,15:23:14,-08:00,2025-11-16T15:23:14-08:00,1,40
meta/main.js,301,js,2bc88398,manissen,2025-11-16,15:23:14,-08:00,2025-11-16T15:23:14-08:00,1,47
meta/main.js,302,js,2bc88398,manissen,2025-11-16,15:23:14,-08:00,2025-11-16T15:23:14-08:00,0,0
meta/main.js,303,js,2bc88398,manissen,2025-11-16,15:23:14,-08:00,2025-11-16T15:23:14-08:00,1,63
meta/main.js,304,js,2bc88398,manissen,2025-11-16,15:23:14,-08:00,2025-11-16T15:23:14-08:00,2,16
meta/main.js,305,js,2bc88398,manissen,2025-11-16,15:23:14,-08:00,2025-11-16T15:23:14-08:00,2,17
meta/main.js,306,js,2bc88398,manissen,2025-11-16,15:23:14,-08:00,2025-11-16T15:23:14-08:00,1,1
meta/main.js,307,js,2bc88398,manissen,2025-11-16,15:23:14,-08:00,2025-11-16T15:23:14-08:00,0,0
meta/main.js,308,js,2bc88398,manissen,2025-11-16,15:23:14,-08:00,2025-11-16T15:23:14-08:00,1,65
meta/main.js,309,js,39606e61,manissen,2025-11-20,20:19:51,-08:00,2025-11-20T20:19:51-08:00,0,0
meta/main.js,310,js,39606e61,manissen,2025-11-20,20:19:51,-08:00,2025-11-20T20:19:51-08:00,1,50
meta/main.js,311,js,362b97e2,manissen,2025-11-20,20:40:15,-08:00,2025-11-20T20:40:15-08:00,1,47
meta/main.js,312,js,39606e61,manissen,2025-11-20,20:19:51,-08:00,2025-11-20T20:19:51-08:00,1,12
meta/main.js,313,js,39606e61,manissen,2025-11-20,20:19:51,-08:00,2025-11-20T20:19:51-08:00,2,27
meta/main.js,314,js,39606e61,manissen,2025-11-20,20:19:51,-08:00,2025-11-20T20:19:51-08:00,2,23
meta/main.js,315,js,39606e61,manissen,2025-11-20,20:19:51,-08:00,2025-11-20T20:19:51-08:00,3,21
meta/main.js,316,js,39606e61,manissen,2025-11-20,20:19:51,-08:00,2025-11-20T20:19:51-08:00,2,0
meta/main.js,317,js,39606e61,manissen,2025-11-20,20:19:51,-08:00,2025-11-20T20:19:51-08:00,2,47
meta/main.js,318,js,6edc8de1,manissen,2025-11-20,20:50:31,-08:00,2025-11-20T20:50:31-08:00,0,0
meta/main.js,319,js,39606e61,manissen,2025-11-20,20:19:51,-08:00,2025-11-20T20:19:51-08:00,1,21
meta/main.js,320,js,39606e61,manissen,2025-11-20,20:19:51,-08:00,2025-11-20T20:19:51-08:00,2,15
meta/main.js,321,js,39606e61,manissen,2025-11-20,20:19:51,-08:00,2025-11-20T20:19:51-08:00,2,15
meta/main.js,322,js,39606e61,manissen,2025-11-20,20:19:51,-08:00,2025-11-20T20:19:51-08:00,2,23
meta/main.js,323,js,39606e61,manissen,2025-11-20,20:19:51,-08:00,2025-11-20T20:19:51-08:00,2,4
meta/main.js,324,js,39606e61,manissen,2025-11-20,20:19:51,-08:00,2025-11-20T20:19:51-08:00,3,8
meta/main.js,325,js,6edc8de1,manissen,2025-11-20,20:50:31,-08:00,2025-11-20T20:50:31-08:00,4,30
meta/main.js,326,js,362b97e2,manissen,2025-11-20,20:40:15,-08:00,2025-11-20T20:40:15-08:00,0,0
meta/main.js,327,js,6edc8de1,manissen,2025-11-20,20:50:31,-08:00,2025-11-20T20:50:31-08:00,4,26
meta/main.js,328,js,6edc8de1,manissen,2025-11-20,20:50:31,-08:00,2025-11-20T20:50:31-08:00,4,16
meta/main.js,329,js,6edc8de1,manissen,2025-11-20,20:50:31,-08:00,2025-11-20T20:50:31-08:00,4,33
meta/main.js,330,js,362b97e2,manissen,2025-11-20,20:40:15,-08:00,2025-11-20T20:40:15-08:00,0,0
meta/main.js,331,js,6edc8de1,manissen,2025-11-20,20:50:31,-08:00,2025-11-20T20:50:31-08:00,4,14
meta/main.js,332,js,6edc8de1,manissen,2025-11-20,20:50:31,-08:00,2025-11-20T20:50:31-08:00,5,27
meta/main.js,333,js,39606e61,manissen,2025-11-20,20:19:51,-08:00,2025-11-20T20:19:51-08:00,0,0
meta/main.js,334,js,6edc8de1,manissen,2025-11-20,20:50:31,-08:00,2025-11-20T20:50:31-08:00,4,9
meta/main.js,335,js,6edc8de1,manissen,2025-11-20,20:50:31,-08:00,2025-11-20T20:50:31-08:00,3,0
meta/main.js,336,js,39606e61,manissen,2025-11-20,20:19:51,-08:00,2025-11-20T20:19:51-08:00,3,15
meta/main.js,337,js,39606e61,manissen,2025-11-20,20:19:51,-08:00,2025-11-20T20:19:51-08:00,3,19
meta/main.js,338,js,39606e61,manissen,2025-11-20,20:19:51,-08:00,2025-11-20T20:19:51-08:00,2,0
meta/main.js,339,js,39606e61,manissen,2025-11-20,20:19:51,-08:00,2025-11-20T20:19:51-08:00,0,0
meta/main.js,340,js,39606e61,manissen,2025-11-20,20:19:51,-08:00,2025-11-20T20:19:51-08:00,1,12
meta/main.js,341,js,39606e61,manissen,2025-11-20,20:19:51,-08:00,2025-11-20T20:19:51-08:00,1,12
meta/main.js,342,js,6edc8de1,manissen,2025-11-20,20:50:31,-08:00,2025-11-20T20:50:31-08:00,2,18
meta/main.js,343,js,6edc8de1,manissen,2025-11-20,20:50:31,-08:00,2025-11-20T20:50:31-08:00,2,17
meta/main.js,344,js,39606e61,manissen,2025-11-20,20:19:51,-08:00,2025-11-20T20:19:51-08:00,0,0
meta/main.js,345,js,39606e61,manissen,2025-11-20,20:19:51,-08:00,2025-11-20T20:19:51-08:00,1,0
meta/main.js,346,js,39606e61,manissen,2025-11-20,20:19:51,-08:00,2025-11-20T20:19:51-08:00,1,12
meta/main.js,347,js,39606e61,manissen,2025-11-20,20:19:51,-08:00,2025-11-20T20:19:51-08:00,2,11
meta/main.js,348,js,39606e61,manissen,2025-11-20,20:19:51,-08:00,2025-11-20T20:19:51-08:00,2,15
meta/main.js,349,js,39606e61,manissen,2025-11-20,20:19:51,-08:00,2025-11-20T20:19:51-08:00,2,17
meta/main.js,350,js,39606e61,manissen,2025-11-20,20:19:51,-08:00,2025-11-20T20:19:51-08:00,2,10
meta/main.js,351,js,362b97e2,manissen,2025-11-20,20:40:15,-08:00,2025-11-20T20:40:15-08:00,2,19
meta/main.js,352,js,362b97e2,manissen,2025-11-20,20:40:15,-08:00,2025-11-20T20:40:15-08:00,2,50
meta/main.js,353,js,39606e61,manissen,2025-11-20,20:19:51,-08:00,2025-11-20T20:19:51-08:00,0,0
meta/main.js,354,js,39606e61,manissen,2025-11-20,20:19:51,-08:00,2025-11-20T20:19:51-08:00,1,31
meta/main.js,355,js,39606e61,manissen,2025-11-20,20:19:51,-08:00,2025-11-20T20:19:51-08:00,1,53
meta/main.js,356,js,2bc88398,manissen,2025-11-16,15:23:14,-08:00,2025-11-16T15:23:14-08:00,1,33
meta/main.js,357,js,2bc88398,manissen,2025-11-16,15:23:14,-08:00,2025-11-16T15:23:14-08:00,0,0
meta/main.js,358,js,2bc88398,manissen,2025-11-16,15:23:14,-08:00,2025-11-16T15:23:14-08:00,0,0
meta/main.js,359,js,6edc8de1,manissen,2025-11-20,20:50:31,-08:00,2025-11-20T20:50:31-08:00,0,44
meta/main.js,360,js,6edc8de1,manissen,2025-11-20,20:50:31,-08:00,2025-11-20T20:50:31-08:00,1,69
meta/main.js,361,js,6edc8de1,manissen,2025-11-20,20:50:31,-08:00,2025-11-20T20:50:31-08:00,1,33
meta/main.js,362,js,6edc8de1,manissen,2025-11-20,20:50:31,-08:00,2025-11-20T20:50:31-08:00,0,0
meta/main.js,363,js,6edc8de1,manissen,2025-11-20,20:50:31,-08:00,2025-11-20T20:50:31-08:00,0,0
meta/main.js,364,js,6edc8de1,manissen,2025-11-20,20:50:31,-08:00,2025-11-20T20:50:31-08:00,0,30
meta/main.js,365,js,6edc8de1,manissen,2025-11-20,20:50:31,-08:00,2025-11-20T20:50:31-08:00,1,39
meta/main.js,366,js,6edc8de1,manissen,2025-11-20,20:50:31,-08:00,2025-11-20T20:50:31-08:00,1,27
meta/main.js,367,js,6edc8de1,manissen,2025-11-20,20:50:31,-08:00,2025-11-20T20:50:31-08:00,1,38
meta/main.js,368,js,6edc8de1,manissen,2025-11-20,20:50:31,-08:00,2025-11-20T20:50:31-08:00,0,0
meta/main.js,369,js,39dea04d,manissen,2025-11-07,15:13:33,-08:00,2025-11-07T15:13:33-08:00,0,28
meta/main.js,370,js,00000000,Not Committed Yet,2025-11-21,15:39:28,-08:00,2025-11-21T15:39:28-08:00,0,73
meta/main.js,371,js,00000000,Not Committed Yet,2025-11-21,15:39:28,-08:00,2025-11-21T15:39:28-08:00,0,0
meta/main.js,372,js,39dea04d,manissen,2025-11-07,15:13:33,-08:00,2025-11-07T15:13:33-08:00,0,17
meta/main.js,373,js,97679c1f,manissen,2025-11-16,15:07:59,-08:00,2025-11-16T15:07:59-08:00,0,0
meta/main.js,374,js,97679c1f,manissen,2025-11-16,15:07:59,-08:00,2025-11-16T15:07:59-08:00,0,23
meta/main.js,375,js,97679c1f,manissen,2025-11-16,15:07:59,-08:00,2025-11-16T15:07:59-08:00,0,0
meta/main.js,376,js,97679c1f,manissen,2025-11-16,15:07:59,-08:00,2025-11-16T15:07:59-08:00,0,16
meta/main.js,377,js,97679c1f,manissen,2025-11-16,15:07:59,-08:00,2025-11-16T15:07:59-08:00,1,10
meta/main.js,378,js,97679c1f,manissen,2025-11-16,15:07:59,-08:00,2025-11-16T15:07:59-08:00,1,7
meta/main.js,379,js,97679c1f,manissen,2025-11-16,15:07:59,-08:00,2025-11-16T15:07:59-08:00,2,33
meta/main.js,380,js,97679c1f,manissen,2025-11-16,15:07:59,-08:00,2025-11-16T15:07:59-08:00,2,33
meta/main.js,381,js,97679c1f,manissen,2025-11-16,15:07:59,-08:00,2025-11-16T15:07:59-08:00,1,0
meta/main.js,382,js,97679c1f,manissen,2025-11-16,15:07:59,-08:00,2025-11-16T15:07:59-08:00,1,15
meta/main.js,383,js,97679c1f,manissen,2025-11-16,15:07:59,-08:00,2025-11-16T15:07:59-08:00,0,0
meta/main.js,384,js,97679c1f,manissen,2025-11-16,15:07:59,-08:00,2025-11-16T15:07:59-08:00,0,51
meta/main.js,385,js,97679c1f,manissen,2025-11-16,15:07:59,-08:00,2025-11-16T15:07:59-08:00,0,28
meta/main.js,386,js,97679c1f,manissen,2025-11-16,15:07:59,-08:00,2025-11-16T15:07:59-08:00,0,0
meta/main.js,387,js,97679c1f,manissen,2025-11-16,15:07:59,-08:00,2025-11-16T15:07:59-08:00,0,60
meta/main.js,388,js,97679c1f,manissen,2025-11-16,15:07:59,-08:00,2025-11-16T15:07:59-08:00,0,57
meta/main.js,389,js,97679c1f,manissen,2025-11-16,15:07:59,-08:00,2025-11-16T15:07:59-08:00,0,0
meta/main.js,390,js,00000000,Not Committed Yet,2025-11-21,15:39:28,-08:00,2025-11-21T15:39:28-08:00,0,25
meta/main.js,391,js,00000000,Not Committed Yet,2025-11-21,15:39:28,-08:00,2025-11-21T15:39:28-08:00,2,17
meta/main.js,392,js,00000000,Not Committed Yet,2025-11-21,15:39:28,-08:00,2025-11-21T15:39:28-08:00,2,12
meta/main.js,393,js,00000000,Not Committed Yet,2025-11-21,15:39:28,-08:00,2025-11-21T15:39:28-08:00,2,10
meta/main.js,394,js,00000000,Not Committed Yet,2025-11-21,15:39:28,-08:00,2025-11-21T15:39:28-08:00,2,20
meta/main.js,395,js,00000000,Not Committed Yet,2025-11-21,15:39:28,-08:00,2025-11-21T15:39:28-08:00,2,4
meta/main.js,396,js,00000000,Not Committed Yet,2025-11-21,15:39:28,-08:00,2025-11-21T15:39:28-08:00,3,9
meta/main.js,397,js,00000000,Not Committed Yet,2025-11-21,15:39:28,-08:00,2025-11-21T15:39:28-08:00,0,36
meta/main.js,398,js,00000000,Not Committed Yet,2025-11-21,15:39:28,-08:00,2025-11-21T15:39:28-08:00,4,16
meta/main.js,399,js,00000000,Not Committed Yet,2025-11-21,15:39:28,-08:00,2025-11-21T15:39:28-08:00,4,17
meta/main.js,400,js,00000000,Not Committed Yet,2025-11-21,15:39:28,-08:00,2025-11-21T15:39:28-08:00,3,2
meta/main.js,401,js,00000000,Not Committed Yet,2025-11-21,15:39:28,-08:00,2025-11-21T15:39:28-08:00,0,116
meta/main.js,402,js,00000000,Not Committed Yet,2025-11-21,15:39:28,-08:00,2025-11-21T15:39:28-08:00,4,4
meta/main.js,403,js,00000000,Not Committed Yet,2025-11-21,15:39:28,-08:00,2025-11-21T15:39:28-08:00,0,49
meta/main.js,404,js,00000000,Not Committed Yet,2025-11-21,15:39:28,-08:00,2025-11-21T15:39:28-08:00,5,6
meta/main.js,405,js,00000000,Not Committed Yet,2025-11-21,15:39:28,-08:00,2025-11-21T15:39:28-08:00,5,14
meta/main.js,406,js,00000000,Not Committed Yet,2025-11-21,15:39:28,-08:00,2025-11-21T15:39:28-08:00,5,12
meta/main.js,407,js,00000000,Not Committed Yet,2025-11-21,15:39:28,-08:00,2025-11-21T15:39:28-08:00,4,6
meta/main.js,408,js,00000000,Not Committed Yet,2025-11-21,15:39:28,-08:00,2025-11-21T15:39:28-08:00,4,6
meta/main.js,409,js,00000000,Not Committed Yet,2025-11-21,15:39:28,-08:00,2025-11-21T15:39:28-08:00,0,65
meta/main.js,410,js,00000000,Not Committed Yet,2025-11-21,15:39:28,-08:00,2025-11-21T15:39:28-08:00,0,0
meta/main.js,411,js,00000000,Not Committed Yet,2025-11-21,15:39:28,-08:00,2025-11-21T15:39:28-08:00,0,0
meta/main.js,412,js,00000000,Not Committed Yet,2025-11-21,15:39:28,-08:00,2025-11-21T15:39:28-08:00,0,0
meta/main.js,413,js,00000000,Not Committed Yet,2025-11-21,15:39:28,-08:00,2025-11-21T15:39:28-08:00,0,27
meta/main.js,414,js,00000000,Not Committed Yet,2025-11-21,15:39:28,-08:00,2025-11-21T15:39:28-08:00,0,6
meta/main.js,415,js,00000000,Not Committed Yet,2025-11-21,15:39:28,-08:00,2025-11-21T15:39:28-08:00,1,6
meta/main.js,416,js,00000000,Not Committed Yet,2025-11-21,15:39:28,-08:00,2025-11-21T15:39:28-08:00,2,22
meta/main.js,417,js,00000000,Not Committed Yet,2025-11-21,15:39:28,-08:00,2025-11-21T15:39:28-08:00,2,23
meta/main.js,418,js,00000000,Not Committed Yet,2025-11-21,15:39:28,-08:00,2025-11-21T15:39:28-08:00,2,9
meta/main.js,419,js,00000000,Not Committed Yet,2025-11-21,15:39:28,-08:00,2025-11-21T15:39:28-08:00,1,0
meta/main.js,420,js,00000000,Not Committed Yet,2025-11-21,15:39:28,-08:00,2025-11-21T15:39:28-08:00,1,24
meta/main.js,421,js,00000000,Not Committed Yet,2025-11-21,15:39:28,-08:00,2025-11-21T15:39:28-08:00,0,0
meta/main.js,422,js,97679c1f,manissen,2025-11-16,15:07:59,-08:00,2025-11-16T15:07:59-08:00,0,55
meta/main.js,423,js,97679c1f,manissen,2025-11-16,15:07:59,-08:00,2025-11-16T15:07:59-08:00,0,0
meta/main.js,424,js,39dea04d,manissen,2025-11-07,15:13:33,-08:00,2025-11-07T15:13:33-08:00,0,30
meta/main.js,425,js,39dea04d,manissen,2025-11-07,15:13:33,-08:00,2025-11-07T15:13:33-08:00,0,31
meta/main.js,426,js,fbda2c57,manissen,2025-11-20,19:52:34,-08:00,2025-11-20T19:52:34-08:00,0,28
meta/main.js,427,js,fbda2c57,manissen,2025-11-20,19:52:34,-08:00,2025-11-20T19:52:34-08:00,0,19
meta/index.html,1,html,6e832d0a,manissen,2025-11-03,22:52:56,-08:00,2025-11-03T22:52:56-08:00,0,13
meta/index.html,2,html,6e832d0a,manissen,2025-11-03,22:52:56,-08:00,2025-11-03T22:52:56-08:00,0,14
meta/index.html,3,html,6edc8de1,manissen,2025-11-20,20:50:31,-08:00,2025-11-20T20:50:31-08:00,0,0
meta/index.html,4,html,6e832d0a,manissen,2025-11-03,22:52:56,-08:00,2025-11-03T22:52:56-08:00,0,4
meta/index.html,5,html,6edc8de1,manissen,2025-11-20,20:50:31,-08:00,2025-11-20T20:50:31-08:00,1,20
meta/index.html,6,html,6edc8de1,manissen,2025-11-20,20:50:31,-08:00,2025-11-20T20:50:31-08:00,1,68
meta/index.html,7,html,6edc8de1,manissen,2025-11-20,20:50:31,-08:00,2025-11-20T20:50:31-08:00,1,17
meta/index.html,8,html,6edc8de1,manissen,2025-11-20,20:50:31,-08:00,2025-11-20T20:50:31-08:00,1,41
meta/index.html,9,html,6edc8de1,manissen,2025-11-20,20:50:31,-08:00,2025-11-20T20:50:31-08:00,1,48
meta/index.html,10,html,6edc8de1,manissen,2025-11-20,20:50:31,-08:00,2025-11-20T20:50:31-08:00,1,43
meta/index.html,11,html,6e832d0a,manissen,2025-11-03,22:52:56,-08:00,2025-11-03T22:52:56-08:00,0,5
meta/index.html,12,html,6edc8de1,manissen,2025-11-20,20:50:31,-08:00,2025-11-20T20:50:31-08:00,0,0
meta/index.html,13,html,6e832d0a,manissen,2025-11-03,22:52:56,-08:00,2025-11-03T22:52:56-08:00,0,4
meta/index.html,14,html,6edc8de1,manissen,2025-11-20,20:50:31,-08:00,2025-11-20T20:50:31-08:00,1,29
meta/index.html,15,html,6edc8de1,manissen,2025-11-20,20:50:31,-08:00,2025-11-20T20:50:31-08:00,1,20
meta/index.html,16,html,6edc8de1,manissen,2025-11-20,20:50:31,-08:00,2025-11-20T20:50:31-08:00,1,21
meta/index.html,17,html,00000000,Not Committed Yet,2025-11-21,15:39:28,-08:00,2025-11-21T15:39:28-08:00,2,0
meta/index.html,18,html,6edc8de1,manissen,2025-11-20,20:50:31,-08:00,2025-11-20T20:50:31-08:00,1,4
meta/index.html,19,html,6edc8de1,manissen,2025-11-20,20:50:31,-08:00,2025-11-20T20:50:31-08:00,1,18
meta/index.html,20,html,6edc8de1,manissen,2025-11-20,20:50:31,-08:00,2025-11-20T20:50:31-08:00,1,18
meta/index.html,21,html,6edc8de1,manissen,2025-11-20,20:50:31,-08:00,2025-11-20T20:50:31-08:00,2,28
meta/index.html,22,html,6edc8de1,manissen,2025-11-20,20:50:31,-08:00,2025-11-20T20:50:31-08:00,2,21
meta/index.html,23,html,6edc8de1,manissen,2025-11-20,20:50:31,-08:00,2025-11-20T20:50:31-08:00,3,29
meta/index.html,24,html,6edc8de1,manissen,2025-11-20,20:50:31,-08:00,2025-11-20T20:50:31-08:00,3,20
meta/index.html,25,html,00000000,Not Committed Yet,2025-11-21,15:39:28,-08:00,2025-11-21T15:39:28-08:00,3,5
meta/index.html,26,html,00000000,Not Committed Yet,2025-11-21,15:39:28,-08:00,2025-11-21T15:39:28-08:00,3,17
meta/index.html,27,html,00000000,Not Committed Yet,2025-11-21,15:39:28,-08:00,2025-11-21T15:39:28-08:00,3,69
meta/index.html,28,html,00000000,Not Committed Yet,2025-11-21,15:39:28,-08:00,2025-11-21T15:39:28-08:00,3,28
meta/index.html,29,html,00000000,Not Committed Yet,2025-11-21,15:39:28,-08:00,2025-11-21T15:39:28-08:00,2,6
meta/index.html,30,html,6edc8de1,manissen,2025-11-20,20:50:31,-08:00,2025-11-20T20:50:31-08:00,3,50
meta/index.html,31,html,6edc8de1,manissen,2025-11-20,20:50:31,-08:00,2025-11-20T20:50:31-08:00,4,13
meta/index.html,32,html,6edc8de1,manissen,2025-11-20,20:50:31,-08:00,2025-11-20T20:50:31-08:00,4,55
meta/index.html,33,html,6edc8de1,manissen,2025-11-20,20:50:31,-08:00,2025-11-20T20:50:31-08:00,4,11
meta/index.html,34,html,6edc8de1,manissen,2025-11-20,20:50:31,-08:00,2025-11-20T20:50:31-08:00,4,24
meta/index.html,35,html,6edc8de1,manissen,2025-11-20,20:50:31,-08:00,2025-11-20T20:50:31-08:00,3,3
meta/index.html,36,html,6edc8de1,manissen,2025-11-20,20:50:31,-08:00,2025-11-20T20:50:31-08:00,3,20
meta/index.html,37,html,6edc8de1,manissen,2025-11-20,20:50:31,-08:00,2025-11-20T20:50:31-08:00,4,49
meta/index.html,38,html,6edc8de1,manissen,2025-11-20,20:50:31,-08:00,2025-11-20T20:50:31-08:00,4,45
meta/index.html,39,html,6edc8de1,manissen,2025-11-20,20:50:31,-08:00,2025-11-20T20:50:31-08:00,4,45
meta/index.html,40,html,6edc8de1,manissen,2025-11-20,20:50:31,-08:00,2025-11-20T20:50:31-08:00,3,4
meta/index.html,41,html,39dea04d,manissen,2025-11-07,15:13:33,-08:00,2025-11-07T15:13:33-08:00,2,4
meta/index.html,42,html,97679c1f,manissen,2025-11-16,15:07:59,-08:00,2025-11-16T15:07:59-08:00,1,4
meta/index.html,43,html,362b97e2,manissen,2025-11-20,20:40:15,-08:00,2025-11-20T20:40:15-08:00,1,18
meta/index.html,44,html,6e832d0a,manissen,2025-11-03,22:52:56,-08:00,2025-11-03T22:52:56-08:00,0,5
meta/index.html,45,html,6edc8de1,manissen,2025-11-20,20:50:31,-08:00,2025-11-20T20:50:31-08:00,0,0
meta/index.html,46,html,6e832d0a,manissen,2025-11-03,22:52:56,-08:00,2025-11-03T22:52:56-08:00,0,5
contact/index.html,1,html,a77286c0,manissen,2025-09-30,17:06:07,-07:00,2025-09-30T17:06:07-07:00,0,13
contact/index.html,2,html,a77286c0,manissen,2025-09-30,17:06:07,-07:00,2025-09-30T17:06:07-07:00,0,14
contact/index.html,3,html,a77286c0,manissen,2025-09-30,17:06:07,-07:00,2025-09-30T17:06:07-07:00,0,4
contact/index.html,4,html,a77286c0,manissen,2025-09-30,17:06:07,-07:00,2025-09-30T17:06:07-07:00,2,20
contact/index.html,5,html,a77286c0,manissen,2025-09-30,17:06:07,-07:00,2025-09-30T17:06:07-07:00,2,68
contact/index.html,6,html,5bebcccc,manissen,2025-09-30,17:10:23,-07:00,2025-09-30T17:10:23-07:00,2,25
contact/index.html,7,html,58656219,manissen,2025-10-05,15:18:50,-07:00,2025-10-05T15:18:50-07:00,2,41
contact/index.html,8,html,c104f06b,manissen,2025-10-15,14:11:39,-07:00,2025-10-15T14:11:39-07:00,2,48
contact/index.html,9,html,a77286c0,manissen,2025-09-30,17:06:07,-07:00,2025-09-30T17:06:07-07:00,0,5
contact/index.html,10,html,a77286c0,manissen,2025-09-30,17:06:07,-07:00,2025-09-30T17:06:07-07:00,0,4
contact/index.html,11,html,f0c23924,manissen,2025-10-07,22:47:51,-07:00,2025-10-07T22:47:51-07:00,2,19
contact/index.html,12,html,c104f06b,manissen,2025-10-15,14:11:39,-07:00,2025-10-15T14:11:39-07:00,2,41
contact/index.html,13,html,c104f06b,manissen,2025-10-15,14:11:39,-07:00,2025-10-15T14:11:39-07:00,4,60
contact/index.html,14,html,c104f06b,manissen,2025-10-15,14:11:39,-07:00,2025-10-15T14:11:39-07:00,4,51
contact/index.html,15,html,c104f06b,manissen,2025-10-15,14:11:39,-07:00,2025-10-15T14:11:39-07:00,4,62
contact/index.html,16,html,483d7567,manissen,2025-09-30,22:01:03,-07:00,2025-09-30T22:01:03-07:00,4,21
contact/index.html,17,html,483d7567,manissen,2025-09-30,22:01:03,-07:00,2025-09-30T22:01:03-07:00,2,5
contact/index.html,18,html,a77286c0,manissen,2025-09-30,17:06:07,-07:00,2025-09-30T17:06:07-07:00,0,5
contact/index.html,19,html,a77286c0,manissen,2025-09-30,17:06:07,-07:00,2025-09-30T17:06:07-07:00,0,5
